100.7593,102.1441,103.689,105.5618,111.6071,109.9607,102.7468,100.917,107.3139,115.8329,119.3297,119.3516,117.9576,100.5796,101.3468,95.72,96.563,96.3052,94.5782,96.5438,97.3374,98.906,102.719,103.9596,106.4119,108.1248,108.3314,108.3874,106.0482,102.1039,95.4712,91.1705,88.7087,84.6909,83.4744,84.3097,84.2034,81.9872,78.2064,69.7965,70.2947,72.5886,69.2996,65.4963,62.3748,61.0646,64.4648,66.6238,70.9653,79.1092,80.3605,82.6838,80.7984,78.9476,72.2188,66.6198,64.039,56.6905,62.2562,65.7967,69.8265,73.9748,79.5994,85.9635,92.6302,95.0191,97.1537,101.4547,100.5459,100.4171,104.3317,111.6597,111.0822,103.0034,107.0164,107.2226,107.1863,103.7164,100.1524,101.5909,99.4533,97.6196,95.8663,97.9581,98.42,101.0791,99.6489,98.6105,102.3682,101.5535,99.6677,96.4282
99.8266,101.0211,103.3836,108.2275,116.6707,114.5202,107.5462,109.922,114.6003,121.2493,124.4579,121.2314,118.9101,101.2648,99.1296,91.939,92.3594,92.5477,91.1151,93.5065,95.3209,97.3421,101.7224,102.9588,105.6838,107.2838,106.5555,105.879,102.2898,97.4994,89.5369,84.3538,81.3714,76.3658,74.3739,74.409,73.5352,70.7828,66.424,57.7205,58.8588,61.8917,58.5579,55.4947,52.6961,52.012,56.4889,59.2991,64.2409,73.7112,75.1095,77.5725,75.6766,73.6347,65.4789,58.5345,55.9248,47.42,53.1759,56.8123,60.8234,64.9825,70.6943,77.9507,85.1021,88.2511,91.4191,96.7286,95.8384,95.848,100.0686,107.8275,108.2124,101.0553,104.7126,106.1851,106.8895,103.5317,100.0089,102.5046,101.7082,101.4074,101.5159,104.2844,104.3276,107.8161,106.7222,105.4789,110.0402,109.2264,106.7675,102.1029
99.5491,100.906,104.1158,110.0424,118.7821,115.9181,110.9075,114.9334,117.6115,121.5613,123.705,117.6877,115.738,100.9963,98.1325,90.4746,89.9784,89.5041,87.6066,89.2144,90.8368,92.555,96.8854,97.4542,99.8875,101.2922,99.7751,98.5979,94.7557,89.6068,81.4961,76.3282,73.6655,68.3478,66.2688,66.0188,65.5326,63.0667,59.339,51.157,52.6711,56.4032,53.8903,52.1292,49.9977,49.8628,54.734,58.0458,62.6659,71.9308,73.3921,75.5926,73.6845,71.5473,62.345,55.4915,52.8486,43.8369,49.3976,52.1604,55.4817,59.1809,64.1755,70.5539,76.774,79.7766,82.7597,89.0932,88.2703,89.4739,94.3137,101.3254,101.876,95.7733,98.9424,101.5408,103.1819,100.9529,97.9538,101.3817,101.9944,102.9295,104.2827,107.2972,105.9229,109.9391,110.2407,109.1425,113.4562,113.2287,110.6646,105.2905
99.2678,101.0476,104.8422,110.2627,117.9034,114.3855,111.6659,115.6647,117.2589,119.593,120.7577,113.2186,112.3604,101.0121,98.9066,91.7283,90.5998,89.093,86.3031,86.6763,87.3852,88.434,92.2898,92.0219,93.8937,95.05,93.3435,92.1218,88.852,83.9455,76.4174,71.6342,69.5861,64.306,62.5002,62.3523,62.9315,61.0715,58.327,50.7916,52.3609,56.5119,55.0374,54.2679,52.6603,53.1239,58.0797,61.9019,66.1352,74.5211,76.0465,77.9175,75.8789,73.4872,63.55,57.1588,54.3854,45.3709,50.5712,52.2805,54.8629,58.086,62.259,67.1361,71.9905,74.4518,76.6701,83.697,83.0192,85.787,91.4327,97.3434,97.5869,92.1362,95.0085,98.256,100.524,99.5794,97.1701,100.9941,102.3483,103.5202,105.0725,108.0164,105.1008,109.2167,110.7956,109.7659,113.2115,113.4686,111.025,105.665
98.1093,101.1855,106.1373,109.9981,115.8409,111.6896,109.8387,110.2218,112.5449,115.085,115.7501,109.923,110.246,99.4132,99.1607,91.8208,89.3705,85.8835,81.5563,80.2718,79.174,79.1766,82.6585,81.7632,83.4465,85.0449,83.9995,83.5906,81.7614,77.4776,71.4236,67.4542,66.0391,61.2275,59.8003,60.2161,62.03,60.9717,59.2076,51.4759,52.4702,56.4865,55.7049,54.8819,53.0509,53.1642,57.5944,61.7695,65.4141,72.4521,74.0754,75.8377,73.7204,71.4662,61.6239,56.9783,53.9917,45.1953,50.9327,51.771,54.2806,57.641,61.8858,65.128,69.0256,70.7546,71.7171,79.4027,79.0936,83.407,90.4958,96.4636,95.9258,89.6701,92.7449,96.2424,98.6464,99.0116,97.1853,101.5253,103.0315,103.3894,104.3117,108.0679,104.7244,108.672,110.9879,110.133,112.4686,112.5558,110.0773,104.4994
98.2607,101.827,107.476,110.8632,115.8109,111.2192,110.6848,109.4027,110.9905,112.0361,111.8854,105.8268,106.8605,98.0072,98.6311,91.1523,87.5804,82.884,77.8155,75.4327,73.4301,72.805,76.0583,74.583,76.0074,77.7302,76.4682,76.1001,74.7599,70.5016,65.1676,61.8048,60.9673,56.4996,55.3973,56.0337,58.5396,58.0849,57.2399,49.9292,50.818,55.0081,54.9245,54.7835,53.2644,53.1584,57.1847,61.3682,64.1873,70.2212,71.8154,73.2993,71.2627,69.2684,59.4518,56.1456,53.1763,44.4811,50.2748,50.2556,52.285,55.3681,59.1499,61.0681,63.9679,65.128,65.2754,73.5182,73.2933,78.6117,86.2768,91.7015,90.7144,84.6188,87.5317,91.469,94.36,95.8166,94.5051,99.4508,101.6865,102.4923,103.7397,107.7978,103.6705,107.7262,111.1972,110.7172,112.4539,112.9867,110.5997,104.786
96.7688,101.3961,108.0728,110.426,114.0341,108.8395,108.9651,105.1894,106.7435,107.2879,106.5081,101.5185,103.5155,95.793,97.792,90.0462,85.3128,79.0396,72.8112,69.1629,65.87,64.5662,67.7457,65.8243,67.246,69.4709,68.6509,68.8646,68.6086,64.7651,60.5932,57.9026,57.5694,53.4132,52.4833,53.5339,56.8926,57.0757,57.0655,49.5702,50.0565,54.2841,54.7672,54.7507,53.0873,52.671,56.3259,60.8612,63.1267,68.1721,69.864,71.2718,69.1798,67.3616,57.4801,55.6408,52.4591,43.7622,50.0602,49.2207,51.1609,54.2939,58.0494,58.6305,60.7638,61.3623,60.5183,69.4613,69.6186,76.2401,85.1818,90.7782,89.3185,82.8074,85.5898,89.8572,92.9609,95.5396,94.7048,100.1766,102.7423,102.9234,103.6905,108.3302,103.7752,107.8317,112.0837,111.8735,112.7287,113.2913,111.005,104.906
95.6717,99.9886,106.4884,108.8903,112.2206,107.1807,106.3313,101.3952,99.202,95.1636,92.8849,88.1978,90.237,87.3757,90.3209,82.1508,76.4789,70.2274,65.0553,61.9937,59.6333,59.3513,63.9521,62.6646,65.0961,68.5479,66.984,66.6992,66.0455,61.488,57.8154,56.1362,56.1968,52.728,51.6313,52.9284,55.1444,55.6333,56.4205,49.3664,49.9567,54.5648,54.8615,55.7851,54.3965,52.3647,54.9311,58.4459,58.7902,63.3807,64.8388,66.0584,64.4533,64.0155,55.2313,55.831,52.8106,43.9174,50.6109,49.0089,50.6096,53.1452,56.1389,56.1269,58.1223,58.3063,56.9606,66.0534,66.4244,72.317,80.7794,86.8736,85.7114,80.3032,81.2583,85.3635,88.8018,91.502,90.6278,96.4448,99.966,100.6637,101.2451,104.9248,100.6134,105.1878,110.8593,112.2905,113.2823,115.5401,114.6434,108.5854
95.4208,98.4771,104.0008,106.7782,109.9055,105.4006,103.5605,97.9129,88.7157,76.1934,71.2737,65.7546,67.6988,74.3106,78.5204,70.2204,63.4593,57.927,55.121,53.4127,53.1611,54.7889,61.5928,61.3129,65.1483,70.1896,66.82,65.1514,63.2586,57.233,53.9226,53.8313,54.6035,52.306,51.0872,52.6218,52.7519,53.6682,55.8196,50.1988,51.2825,56.6487,56.7257,59.7321,59.2658,54.7832,55.5481,57.0166,53.9996,57.8859,58.8237,59.5298,58.8217,60.6537,53.7832,58.041,55.4893,46.4557,53.1718,50.3176,50.9335,52.0713,53.2389,52.3339,53.8789,53.3748,51.4125,60.3977,60.8271,65.0834,71.8771,77.9481,77.3596,74.5051,72.274,76.0141,80.1621,82.839,81.8361,87.9744,93.2344,95.5737,96.3054,97.7119,93.4101,98.8606,107.1295,111.361,112.8228,118.3869,119.9723,114.3804
96.4548,98.9809,103.7366,105.543,107.7678,103.8154,101.3337,93.1625,82.0698,66.9811,61.2224,56.9274,59.0099,68.9064,74.742,66.8632,59.6887,54.258,52.3779,51.0766,51.2678,53.4217,60.83,60.9759,65.243,70.9456,67.0977,65.1038,63.0819,56.6742,53.9974,54.9479,56.222,54.9248,54.0752,56.0344,55.5396,56.8403,59.7526,54.8918,55.905,61.1694,61.0949,64.5984,64.3919,58.4304,57.8502,57.9678,53.1831,56.1651,56.7687,57.1785,56.9348,59.9212,54.7177,61.2334,59.0018,50.5004,57.1682,53.8754,54.1147,54.7103,55.1747,53.6177,54.853,53.7456,51.1348,59.5423,59.8631,63.1436,68.8769,74.7427,73.8868,71.5466,68.3528,71.3597,75.4792,78.0199,76.9388,82.8508,88.2915,91.0014,91.2921,91.6393,87.7133,93.1602,102.3129,107.8205,109.2997,116.1937,118.9212,114.0329
91.7384,96.5868,103.5075,103.5822,103.5348,98.2121,96.5442,85.057,74.3449,59.3362,52.7009,50.3865,54.3025,65.4601,73.4135,64.9344,56.0205,47.7956,43.5117,39.9859,37.8245,38.8704,46.3022,45.7511,50.2021,56.924,54.4139,53.8233,54.045,48.7171,48.0776,49.8676,51.761,50.5558,49.622,52.2484,53.3664,55.6125,59.65,53.802,54.0196,59.4375,60.2725,63.5797,62.7551,56.7511,56.0995,57.5928,52.6342,54.3954,55.3882,55.9278,55.3163,58.1613,52.0594,60.3158,57.3886,48.4804,56.3229,51.7096,52.1568,53.1504,53.9665,50.3675,50.5799,48.7629,44.603,54.5721,55.8877,61.9291,70.7323,77.5378,76.1515,72.8453,69.3994,73.1698,77.5116,82,81.6834,88.4534,94.2,94.829,93.7186,95.3273,90.6896,96.1608,106.2037,111.7813,111.5442,117.9558,120.7078,115.1248
93.569,98.1533,105.0315,104.9077,104.4963,99.3931,97.9453,84.0592,71.9938,54.6184,47.2126,45.2454,49.1569,62.1972,70.9607,62.201,52.2065,43.4904,39.5394,35.785,33.5738,34.5493,42.165,41.5538,46.0762,53.128,49.8603,48.866,48.8412,42.9673,42.7474,45.3598,47.7706,47.3515,46.8578,49.7103,50.5906,53.2771,58.1018,53.0033,53.2271,58.6282,59.6306,63.6517,63.2477,56.0638,54.3374,54.7594,48.2109,49.0076,49.7127,49.8954,49.7386,53.5709,48.6839,59.028,56.4833,47.9557,55.8105,50.6812,50.6517,51.2149,51.4801,47.0626,46.7307,44.3637,39.6116,49.4872,50.5713,56.2038,64.3043,70.6667,68.8659,65.8863,62.0559,65.7275,70.4121,75.2843,75.1888,82.4103,88.8877,90.7624,90.295,91.749,87.1199,92.7346,103.8985,110.4414,110.2686,117.669,120.871,115.2685
95.2399,99.1727,105.3335,105.1318,104.9072,100.4519,97.9843,82.7408,70.1354,51.9045,44.4757,43.4338,46.808,59.9928,69.0874,60.2993,50.2476,42.0531,39.0527,36.0029,34.4405,35.8695,43.844,43.7027,48.527,55.8426,52.126,50.7851,50.2233,43.8732,43.5838,46.5725,49.0337,49.1884,48.9051,51.8736,51.9688,54.6126,59.4625,54.7335,54.9831,60.1423,60.6863,64.7245,64.4104,56.1643,53.6169,52.9123,45.4514,46.0532,46.4886,46.5595,46.7832,51.3972,47.8356,59.2289,57.0416,48.9007,56.731,51.8341,51.7761,52.1681,52.3048,48.1588,48.1379,45.6546,40.9262,50.1327,50.9286,55.2577,62.1531,68.5638,66.6628,63.7611,59.7062,62.7663,67.2811,71.5604,71.2223,78.2604,84.685,87.2106,86.8798,87.8575,83.9947,89.5806,100.8004,108.0033,108.3393,116.324,119.96,114.6733
95.0626,97.7802,103.0205,103.8972,104.1565,99.7404,98.415,87.2737,70.2634,47.3547,38.484,33.6902,37.1444,57.0753,65.5467,57.5882,48.1411,41.2471,39.6428,37.5254,37.6321,40.2155,48.9241,48.9472,53.9295,61.123,56.138,53.5583,51.8542,44.8016,43.7661,46.7713,49.4072,49.3522,48.7707,51.3452,50.6284,53.183,58.457,54.9426,56.0023,62.0843,62.9388,68.7135,69.403,61.5775,59.2769,58.3546,50.2276,51.2338,51.5413,51.2812,51.6272,56.3998,52.2779,63.2383,61.1406,52.5839,59.4963,53.931,52.8999,52.1957,50.7723,46.4722,45.8861,43.4216,39.0068,48.3089,49.0527,53.0814,59.0529,64.3725,63.3057,62.8814,57.034,60.4045,65.6163,69.8677,69.4585,76.3277,83.8221,87.4759,87.6482,86.7682,81.6176,87.776,100.3486,108.2898,108.8752,118.6045,123.3577,118.5782
98.8434,99.632,103.0738,103.9518,103.807,100.0681,100.701,90.9611,69.672,41.4956,31.0153,23.0186,26.6614,54.3955,63.5274,57.2746,48.2417,42.5852,42.774,41.3701,42.874,46.2042,55.0003,54.9203,59.4793,66.1387,59.2917,55.0795,52.0926,44.1127,42.6659,46.3954,49.7904,50.4836,50.5226,53.0048,51.7127,54.6121,61.001,59.9322,61.7763,68.4042,69.8164,77.769,80.0023,71.8704,68.6931,66.2489,56.188,56.3718,56.173,55.0944,55.9394,61.4572,58.3073,70.2567,68.7694,60.8563,66.1683,59.7465,57.1061,54.7951,51.114,45.8878,43.9737,40.8661,36.179,44.6984,44.812,47.8668,51.4835,54.3132,53.2576,55.4034,48.0932,51.1215,57.0512,61.3019,60.953,67.3611,75.8785,81.7904,82.8509,79.5257,72.9785,79.3531,93.8706,103.0697,103.8813,116.0968,122.2574,118.8043
103.186,102.1844,103.8612,105.2927,106.1411,103.6815,103.3449,93.4691,71.1911,41.6523,31.348,23.1527,25.5641,53.6356,62.3779,56.543,48.1247,44.151,46.3752,46.5308,49.6566,53.8407,62.8705,63.4438,68.0849,74.465,66.399,61.0962,56.5562,47.5689,45.2216,49.1009,52.4298,53.7938,54.2336,56.57,53.8855,56.4478,62.587,62.6257,64.8866,71.2324,71.9421,80.2482,83.0265,73.8115,69.6935,65.357,54.1936,54.465,53.7674,52.397,53.8393,60.2793,58.9841,71.4693,70.7214,63.5096,68.1083,62.3376,59.3636,56.5365,52.3224,47.995,46.567,43.5052,39.3773,46.4932,45.7998,46.3775,47.2612,49.3586,48.3162,51.1489,43.6781,45.7555,51.5259,54.4669,53.6206,59.4813,67.9482,75.7107,77.666,73.1597,67.4667,73.7919,88.2599,98.2072,100.2153,113.4617,120.1333,117.4218
107.3231,105.1768,105.2656,106.7347,109.0022,108.2205,104.4155,92.1635,73.4033,47.9616,39.8589,35.2404,35.6436,56.1926,64.3228,58.2048,50.8661,48.5592,52.3338,54.3268,58.5016,63.1887,72.1443,73.8619,78.8075,85.03,77.1004,71.7957,66.2595,56.8402,53.6202,57.11,59.6572,61.5879,62.3448,64.7036,60.587,62.3146,66.9508,66.5455,68.5763,73.6464,72.6438,79.0704,81.1508,70.5407,65.5772,59.4833,48.5144,49.48,48.4208,47.342,49.2219,56.2924,57.4167,69.7092,69.5989,63.3319,68.0801,64.3719,62.4409,60.3599,57.484,55.4785,56.0661,53.575,50.4875,55.5933,54.0961,51.4296,49.8706,52.8873,51.5713,52.7071,46.7344,47.1317,51.6332,52.2168,50.4202,55.3276,62.1031,70.2218,72.2397,67.9178,65.0942,70.7826,82.9011,92.6738,96.2503,108.5881,114.7587,112.5323
111.26,108.5588,107.5574,108.4071,111.2704,111.6427,106.1015,91.6963,77.7906,57.9671,52.2145,50.5398,49.7496,62.4974,70.3291,64.5137,58.3572,56.9519,61.0765,63.7907,67.8498,72.1157,80.0481,82.1213,86.5997,92.035,84.7292,79.8263,74.0888,64.9041,61.1294,64.0387,66.0038,68.211,69.5112,71.9291,67.6882,68.848,72.2227,71.4069,73.0839,76.9063,74.909,79.4472,80.8832,70.0166,64.7726,57.8381,47.8187,49.1053,47.8755,47.0268,48.974,55.8103,58.3555,69.6267,69.9113,64.6878,69.2753,67.3224,66.2388,64.9726,63.3831,62.9878,64.8312,62.7399,60.3546,63.8199,61.6113,57.1449,54.0953,57.2801,55.3268,54.4779,50.6774,49.7945,53.1483,52.1309,49.7575,53.6984,58.6053,66.5456,68.4729,64.7557,63.8004,68.5996,78.3726,87.1988,91.5912,102.4044,107.5391,105.8639
113.2663,109.2969,106.3642,106.7483,110.1125,111.8379,103.8487,89.1427,76.2662,58.2048,53.5777,53.853,51.9925,62.6021,70.5541,65.5803,61.0584,61.6095,67.4826,72.0945,77.5763,82.8686,91.1096,94.2856,99.1558,104.5613,97.3644,92.2622,85.7728,76.4016,72.0164,74.7534,76.2242,78.8378,80.2341,82.7148,77.1954,77.7257,80.1586,79.3835,81.0543,84.1972,80.969,84.4871,85.5906,73.9535,68.1522,59.9464,49.9775,51.903,50.3999,49.7136,51.8997,59.1097,63.2735,74.095,74.7215,70.1707,74.4451,73.7656,73.1833,72.0435,70.7953,72.0173,75.1641,73.4267,71.7797,73.5203,70.8721,63.8909,58.7803,62.3263,60.5087,59.3156,55.6861,53.2543,55.6103,52.6173,49.362,51.9452,55.4183,62.9857,64.0803,59.2198,59.9694,64.2982,72.5585,81.5225,86.8741,97.686,103.273,102.7579
115.2096,109.1765,103.6859,104.161,108.2843,111.5725,101.092,87.428,72.3998,52.5117,47.9504,48.7367,45.6913,58.5367,66.5868,62.6666,59.7957,63.0568,71.849,79.1488,87.2651,94.5279,103.9182,108.5796,114.2883,120.0185,112.0402,105.9499,97.9232,87.7225,82.4707,85.3787,86.5261,89.7446,91.0727,93.5131,85.8072,85.7141,87.5857,87.5786,89.657,92.5987,88.0961,91.6349,92.947,80.0452,73.338,63.2347,52.3043,54.9393,52.9831,52.2463,54.9474,63.1608,69.2713,80.3121,81.4437,77.3791,81.0442,81.2026,80.6012,78.899,77.0666,79.7918,84.0656,82.5818,81.7234,81.6802,78.5666,68.4057,60.406,64.0133,62.805,62.7227,57.8822,53.8691,55.5952,50.4817,46.2298,47.44,50.2232,58.2262,58.7132,51.5011,53.6411,57.9125,65.652,75.6868,82.2982,94.4906,101.5123,102.4432
113.7869,106.4314,98.8619,99.0185,103.4673,107.9244,94.1591,81.8185,64.606,43.3728,38.8204,41.0287,37.2303,52.5448,61.0775,58.0719,56.9661,62.6651,73.9513,83.9014,94.4784,103.963,115.0173,121.4259,128.4898,135.1564,127.2195,120.7523,111.8807,101.3411,95.6726,98.7216,99.3797,102.906,103.6876,106.2314,96.3939,95.6428,96.8208,96.7239,98.9575,101.8022,95.8929,98.9612,99.9357,85.9183,78.6538,67.4181,56.0387,59.7206,57.5553,57.0842,60.035,69.0201,76.4555,87.5148,88.7084,84.6617,88.2978,89.1908,89.0339,87.0921,85.0774,89.3481,95.0654,93.9651,93.7915,92.4066,89.393,76.6403,66.9234,71.6543,71.3731,72.1212,65.6167,60.0839,60.9441,53.7932,48.4651,48.2042,49.9707,56.8084,55.4978,46.0276,49.7482,54.0057,60.8978,71.9056,79.3707,92.5871,101.2678,103.5346
112.1881,105.0354,96.6809,94.5355,96.9313,101.3948,88.1649,75.778,59.2428,39.5463,35.0632,38.1721,35.6447,53.2223,63.7112,62.7815,63.0652,68.9403,79.8712,89.6358,99.6904,109.1382,119.7809,126.122,132.8867,139.377,132.5563,126.7272,119.0539,109.6433,104.7749,108.0144,108.9022,112.501,113.4601,116.4312,107.4903,106.9717,108.408,108.4064,110.3398,113.0384,107.4177,110.065,110.8143,97.624,90.5177,79.8473,69.0414,72.3429,70.3143,69.8688,72.3903,80.6325,87.7357,98.1177,98.9113,95.3113,98.4261,99.0937,98.8706,96.7947,94.4181,98.1126,103.3181,101.8907,101.1829,99.305,96.6144,84.5488,75.2832,79.49,79.0069,79.7403,73.0099,66.7492,67.0524,59.8466,54.4163,52.8463,53.3414,57.9022,54.3731,43.7071,46.8889,50.5397,56.9879,67.6308,74.0821,87.1866,96.5074,100.2461
113.5286,105.1245,95.0007,92.5534,94.9572,99.9872,87.5345,78.7653,62.3017,43.6375,39.6526,40.8736,38.3568,57.4735,67.6292,68.8102,71.4272,79.1962,91.0987,101.8951,112.9631,122.9466,133.0442,139.4816,145.6426,151.0273,144.1624,137.8486,129.6642,120.5287,114.7592,117.3198,117.9658,121.1846,122.2209,124.91,115.957,114.9875,115.8998,116.6634,119.033,121.7791,116.1159,118.8504,119.9911,108.1966,101.793,91.2313,81.4371,85.4249,83.3646,82.8412,85.0874,92.3942,98.9879,106.9371,107.7375,104.5039,106.2472,107.426,106.8473,104.3342,101.2845,105.7387,110.9396,109.8156,109.805,106.8883,103.8695,91.1873,80.6944,83.5535,83.4098,85.0851,78.3485,71.4587,71.423,63.2247,57.3588,54.333,53.8749,58.0692,53.9645,41.6142,44.1797,47.4423,53.1203,63.1021,69.7119,82.9335,92.5343,97.7199
113.4415,104.071,92.2542,88.5126,89.5918,94.8374,84.1387,78.7026,60.8066,41.4781,37.0403,36.0271,34.5502,59.1836,70.3172,74.3517,79.139,88.2951,100.8563,112.1569,123.8663,134.3686,144.0425,150.3409,155.8827,160.4212,153.6367,146.9361,138.8726,130.3343,124.4116,126.8429,127.7313,130.7677,131.9585,134.6361,126.1662,125.2167,126.4159,128.3314,131.0784,134.1821,129.0375,132.4734,134.2248,123.9441,118.0701,107.8638,98.5579,102.5762,100.5243,99.7447,101.6233,108.008,113.8329,120.0646,120.6681,117.8064,118.0202,118.8469,117.4624,114.0829,109.6398,113.7253,118.0506,116.7458,116.7128,113.0791,110.0473,97.6428,86.4979,87.5588,87.6727,90.9337,83.3528,75.9189,75.7756,67.2879,61.241,56.6568,55.4931,58.6931,53.2303,38.5128,39.5769,42.4832,48.307,58.0252,64.0177,78.0374,88.6223,95.7079
111.0919,102.4736,90.0756,82.5893,79.8789,84.5248,76.7852,71.7038,54.9652,37.8656,33.1512,32.0511,33.3162,62.6422,76.931,84.4875,91.0534,99.6078,110.5937,120.4341,130.365,139.9728,148.2563,153.5805,157.9389,161.6632,156.5723,150.9132,145.1832,138.7011,134.2656,136.9757,138.5782,141.5195,143.2169,146.5169,140.564,140.3542,142.4958,144.9302,147.2616,150.4062,146.5964,149.9672,151.7372,143.658,138.4396,129.818,121.623,124.5277,122.807,121.8576,122.8495,127.5189,131.8769,136.746,136.5973,134.4073,133.4607,133.308,131.3242,127.5375,122.1191,124.3121,126.8144,124.7246,123.4443,119.6538,117.1656,107.2967,97.6568,96.9252,96.4305,99.9,92.2627,84.3805,83.8549,76.3214,70.6251,64.3739,61.706,61.6156,53.1409,36.916,35.8356,37.8041,43.6194,52.3691,56.1264,69.8758,81.0795,90.2835
107.7682,99.6575,86.2815,75.3169,69.344,73.7249,67.2791,62.9434,47.0019,32.1207,27.3498,27.0194,30.5086,64.0054,81.2049,92.04,100.791,109.482,119.6474,128.9879,137.9847,147.4735,155.0895,160.1519,163.9821,167.3785,164.1059,159.4879,155.7659,151.1699,147.989,150.8836,152.851,155.6725,157.5196,161.4215,157.0914,157.2703,159.8698,162.3869,164.2975,167.4034,164.2511,167.1191,168.5751,162.194,157.5449,150.2353,143.1934,145.6008,144.1922,143.3033,143.4912,146.7422,150.0171,153.4659,152.5482,150.8414,149.0579,148.3687,146.2166,142.1941,136.1277,137.2675,138.7974,136.2313,134.1049,129.8561,128.0099,119.7248,111.2364,109.6319,108.9433,112.5785,104.4658,95.729,94.4711,87.1132,81.3547,73.1486,68.6409,64.8061,52.8281,34.7726,32.4479,33.5502,38.8093,46.8367,48.8145,62.3368,74.4985,85.8931
106.2077,97.5909,82.854,70.4823,63.1432,67.5114,62.5035,61.8612,45.3537,31.1112,26.2319,24.1338,28.7891,66.5517,84.6121,98.1902,109.3205,119.2512,129.6377,139.3644,148.7333,158.6551,165.8334,170.7817,174.0753,176.6991,174.0786,169.4974,166.2939,162.6616,159.4106,161.9143,163.9162,166.2408,168.0095,171.9026,168.2735,168.3579,170.9499,174.0215,176.1543,179.5734,176.8621,179.9304,181.6267,177.1337,173.4298,167.073,161.2117,163.9711,162.7466,161.8255,161.4191,163.36,165.3329,166.4416,165.0759,163.5154,160.4749,159.597,157.0002,152.4516,145.4383,146.4374,147.3642,144.8109,142.7627,138.0055,136.3829,128.7781,120.3399,117.469,117.1512,121.9274,113.1755,103.9787,102.4141,94.7515,88.7674,78.9314,73.3608,67.6521,53.8191,33.7464,30.0556,30.731,35.6147,42.9685,44.1535,57.8759,70.7833,83.9277
104.5641,96.393,81.1192,66.6851,57.7259,62.0661,57.2346,56.6819,42.4083,31.5991,27.4913,26.7503,32.3936,69.6013,89.0399,104.3604,117.0445,127.1236,136.8206,146.314,154.9243,164.56,171.0617,175.9191,178.8168,181.0738,179.926,176.2662,174.3466,172.0156,169.3471,171.6294,173.5645,175.6837,177.5399,181.7619,179.1674,179.2623,181.6181,184.2728,185.9988,189.0649,186.4532,188.4923,189.648,186.2791,183.093,177.634,173.0771,175.8265,174.8413,174.1388,173.1699,174.0224,175.3911,175.0754,173.2414,172.0591,168.6879,168.0438,165.7729,161.5147,154.7509,155.6907,156.5347,153.9394,151.6649,146.4191,145.101,138.2179,130.4992,127.4842,126.9505,131.0321,122.7464,112.8733,110.5363,102.6149,96.4568,85.3295,78.1193,69.8658,53.8933,33.2687,29.4049,29.3524,33.0547,39.4965,39.8042,52.6254,65.5864,79.9109
105.0999,97.8489,82.3043,64.5759,53.0597,57.4379,53.4578,49.7715,40.5547,35.8082,33.1684,35.4951,42.4408,76.0517,97.8316,115.1048,128.9361,138.1452,146.1366,154.3192,160.7069,168.8451,173.5376,177.7102,179.4718,180.8962,181.6869,179.4904,179.6262,179.0669,177.595,179.8924,182.0509,184.4078,187.0691,191.9484,191.474,191.9498,194.3048,196.6058,197.4859,199.5777,197.3659,197.7816,198.2339,195.9235,192.8304,188.1069,184.8686,186.6386,185.8418,185.2355,183.6865,183.2949,184.6558,183.4646,181.2999,181.2664,177.5261,177.2247,175.3322,171.6738,165.5543,165.826,166.1415,163.1017,160.0354,153.9983,152.7258,147.0004,140.1199,136.4246,134.6871,136.7866,130.3605,119.5599,116.2144,108.4141,102.3652,89.9448,80.5396,69.6791,51.604,31.2986,27.381,26.053,28.2371,33.3136,32.3257,43.4847,55.7981,71.4233
104.7307,98.7113,83.4867,63.1727,49.7445,54.0312,49.9764,42.7235,38.3285,39.2256,38.0181,43.9418,51.7866,80.6553,104.2633,122.3872,136.6806,144.7394,151.0112,157.9764,162.2659,169.0661,172.4672,176.1984,177.3109,178.4202,181.093,180.4322,182.4668,183.394,183.0902,185.4116,187.6229,190.1604,193.3397,198.8259,200.0127,200.7734,202.9648,204.3875,204.3614,205.5143,203.4166,202.0524,201.5577,199.7516,196.6752,192.6591,190.5786,191.6224,191.0456,190.692,188.6802,187.4199,188.8683,187.32,184.8151,185.5564,182.0856,182.206,181.0216,178.2288,173.1966,173.079,173.3308,170.0157,166.2804,159.8295,158.7391,154.0074,148.291,144.8336,142.0796,141.9189,137.2317,125.7544,121.4685,113.8049,107.8477,94.6855,83.4455,70.1682,50.3194,30.9644,27.5456,25.2148,25.8917,29.8318,27.8301,37.2145,48.7525,64.9579
103.5183,98.4104,83.6378,62.1142,47.8194,51.9186,47.4213,38.4134,36.6425,40.7216,40.3236,48.4223,56.707,82.5685,106.9798,125.2212,139.6609,147.003,152.2311,158.5693,161.7356,167.9046,170.8329,174.4377,175.4219,176.5854,180.4528,180.7752,183.9214,185.6915,186.0414,188.2947,190.4107,192.8983,196.1468,201.9425,203.925,204.767,206.7333,207.3161,206.7461,207.4333,205.2856,202.7843,201.5842,200.0279,197.1048,193.7001,192.4276,193.3015,192.9222,192.835,190.5216,188.7722,190.0599,188.2454,185.4436,186.3661,183.3281,183.7183,183.1283,180.9714,176.7697,176.5978,177.0462,173.706,169.6834,163.2242,162.3908,158.3024,153.5865,150.7443,147.5934,146.0663,142.2358,130.5089,125.68,118.0913,112.1528,98.7155,86.4948,71.6074,50.6648,32.0518,29.0781,26.2916,26.0198,29.3095,26.7691,35.0161,46.0876,62.357
102.4576,98.118,83.9538,61.9455,47.2247,50.9079,46.8561,37.7133,37.8716,44.3266,44.4825,53.0886,61.8045,85.5513,110.0371,128.3374,142.9019,149.6114,153.7601,159.3604,161.5562,167.0524,169.3965,172.6138,173.2521,174.1558,178.8292,179.8091,183.7482,186.1844,186.8068,188.7443,190.7626,192.8936,196.1206,201.9706,204.8409,205.7209,207.5,207.4939,206.6514,207.1885,205.2765,202.1599,200.5819,199.8041,197.4416,194.9413,194.6556,195.5576,195.4148,195.5093,192.8377,190.357,190.8437,188.1865,185.0826,185.9417,183.0724,183.5557,183.2746,181.5599,177.8912,177.6058,177.9874,174.7249,170.6043,164.4567,163.8294,160.7472,157.1033,154.4319,151.079,148.7389,145.6669,134.1628,129.1544,121.904,116.1182,102.6576,89.9494,74.0604,52.6711,34.8004,31.6323,28.5972,27.7361,30.2301,27.198,34.4479,44.8969,60.9945
101.0721,97.3431,83.647,61.176,46.0261,49.465,45.0931,35.0954,35.9366,43.2383,43.5086,53.1342,62.1439,85.0973,110.0067,128.1049,142.4578,148.635,152.2292,157.4712,159.1449,164.4383,166.8211,170.0246,170.8037,171.9973,177.2278,178.7028,183.2298,186.0197,187.0821,189.0929,191.0996,193.1904,196.3204,202.3381,205.501,206.4765,208.2649,207.7432,206.6303,207.0719,205.1623,201.6259,199.683,198.8812,196.5704,194.449,194.3902,195.2071,195.1893,195.4349,192.6332,190.0484,190.3613,187.8787,184.5678,185.3228,182.8625,183.2891,183.3036,181.8791,178.5859,178.1371,178.5926,175.293,170.9438,165.0482,164.6856,162.0763,159.1923,157.0708,153.6315,150.752,147.7894,136.3193,131.1554,124.1143,118.3869,104.9927,92.0505,75.3238,53.3687,35.907,32.9167,29.8059,28.7326,31.0971,27.7429,34.5895,44.9474,60.8871
100.5591,97.1638,83.7471,60.8909,45.3511,48.7073,44.0649,32.7889,33.6876,40.8947,41.0332,51.5422,60.7318,83.6736,109.1199,126.9965,140.9242,146.6377,149.9924,154.982,156.3308,161.516,164.0275,167.2531,168.1951,169.7216,175.1371,176.8451,181.6987,184.5735,186.0587,188.359,190.488,192.7817,195.9502,202.1545,205.3974,206.5472,208.5432,207.8528,206.5495,206.9127,205.0095,201.356,199.2569,198.0623,195.4657,193.2793,192.9179,193.4303,193.4149,193.677,190.9205,188.5682,189.142,187.3875,184.0398,184.8252,182.6722,182.9354,183.0452,181.7071,178.5331,177.7817,178.1829,174.7134,170.0525,164.2799,164.0442,161.5846,159.0041,157.1959,153.6013,150.4387,147.4067,135.8958,130.6949,123.8584,118.2071,104.96,92.0346,75.0365,52.8198,35.564,32.7583,29.6364,28.7036,31.2768,27.7387,34.5975,45.055,60.8976
99.3854,96.2181,83.1102,60.1532,44.217,47.3075,42.87,31.3629,30.8537,36.3441,35.7528,46.0454,55.6173,80.8514,106.7611,124.5035,137.9253,143.2449,146.5211,151.2908,152.5997,157.9247,160.8368,164.0481,165.245,167.198,172.4978,174.1758,179.2032,182.0165,183.8821,186.5533,188.9201,191.326,194.3949,200.7066,203.9265,205.3217,207.786,207.1837,205.88,206.5148,204.8301,201.638,199.6471,198.1908,195.4108,193.2742,192.3739,192.607,192.6043,192.7953,190.0869,188.0138,188.5097,187.5433,184.1069,184.6842,182.7114,182.4286,182.343,180.7883,177.2809,175.9532,176.0099,172.3171,167.2923,161.9243,161.9202,159.8599,157.6798,155.9776,152.4677,149.7368,146.0109,134.7215,129.7799,123.3993,117.9052,104.9317,92.4909,75.4298,53.0533,35.6144,32.4787,29.5793,29.3692,32.4046,28.5927,35.9747,46.8646,62.5998
99.5407,96.4904,83.5107,60.4923,44.5373,47.628,43.0812,31.0061,30.8732,36.6862,36.1998,46.8772,56.4116,80.9738,106.9403,124.518,137.7694,142.9069,146.0511,150.7021,151.8348,157.0264,159.8778,163.063,164.2514,166.2391,171.6023,173.3745,178.4824,181.3116,183.2615,185.9712,188.3442,190.8114,193.9316,200.2858,203.5636,204.9897,207.4497,206.7562,205.3743,205.9168,204.2075,200.8854,198.8184,197.2353,194.3691,192.189,191.2577,191.4012,191.3941,191.5992,188.9127,186.8941,187.5164,186.7304,183.3146,183.9421,182.0833,181.8432,181.8345,180.3766,177.0141,175.6646,175.7581,172.0401,166.9597,161.5989,161.5807,159.526,157.405,155.8061,152.1881,149.2116,145.6635,134.3639,129.3871,123.0433,117.5768,104.689,92.2159,75.167,52.8378,35.6289,32.6361,29.7018,29.4283,32.4455,28.6326,35.8842,46.658,62.2915
100.5848,97.3153,84.1411,61.0881,45.1915,48.524,43.7351,30.7866,30.6368,36.1998,35.7264,46.8003,56.1196,80.449,106.5564,124.0467,137.1189,142.3067,145.7134,150.488,151.7209,156.9339,159.8026,163.0725,164.285,166.3149,171.4534,173.0895,178.0029,180.6243,182.579,185.47,187.9118,190.6564,193.9466,200.3567,203.429,204.8916,207.4197,206.9237,205.5333,205.9423,204.1164,200.8234,198.8259,196.7898,193.5407,190.8695,189.5133,189.4538,189.3238,189.4477,186.936,185.2494,186.4584,186.212,182.9798,183.8235,181.952,181.7813,181.7252,180.2092,176.8095,175.4681,175.5986,171.7842,166.6535,161.0478,160.8636,158.3552,155.7523,154.073,150.3047,147.2656,143.7802,132.2845,127.2841,120.8054,115.3072,102.445,90.0121,73.3981,51.2949,34.0512,31.3301,28.3682,28.1765,31.4369,27.8118,35.2554,46.0927,61.7797
101.1973,98.1187,85.1762,61.7005,45.3188,48.6249,44.0654,29.3381,29.1528,34.2263,33.4897,45.1878,54.7098,79.355,106.1189,123.454,135.8696,140.4458,143.6047,147.9235,148.6934,153.591,156.3668,159.4661,160.6199,162.8123,167.8554,169.5536,174.6963,177.2732,179.6764,183.0036,185.7439,188.8761,192.4387,199.0515,202.3364,204.1121,207.0796,206.7795,205.2445,205.5575,203.9144,200.7741,198.8476,196.3171,192.5682,189.573,187.5793,186.8844,186.6695,186.652,184.285,182.9572,184.6652,185.4946,182.3705,183.4434,181.6953,181.2283,181.0266,179.4381,175.9346,174.0032,173.7752,169.622,164.0325,158.4862,158.2638,155.9035,153.3283,151.5048,147.3718,144.152,140.7159,129.2088,124.3197,118.2213,112.92,100.3192,88.1098,71.7787,49.8038,32.7676,30.0287,27.0407,27.3048,30.8817,27.0675,34.7254,45.6269,61.2494
100.9197,98.2103,85.6839,61.8922,45.0632,48.1656,43.8625,27.9654,27.6911,32.3795,31.3623,43.47,53.295,78.3375,105.6006,122.7264,134.5576,138.4851,141.2371,145.0561,145.339,149.9553,152.7101,155.6287,156.7821,159.1803,164.2834,166.1449,171.6279,174.2725,177.1115,180.7464,183.7093,187.0238,190.693,197.4626,201.0269,203.0695,206.4001,206.0907,204.4134,204.7327,203.3065,200.2769,198.3393,195.5652,191.5796,188.6004,186.2524,185.1136,184.9045,184.8262,182.4936,181.3377,183.1439,184.7179,181.5676,182.6667,181.1256,180.3282,180.0583,178.4659,174.9326,172.4569,171.9154,167.5183,161.5299,156.2499,156.1284,154.1949,152.0147,150.2274,145.8752,142.5028,139.0302,127.666,122.9039,117.2606,112.1637,99.8523,87.8695,71.5132,49.5177,32.7567,29.885,26.9245,27.5787,31.3366,27.2403,34.9762,45.9044,61.3559
101.4707,98.6695,86.2212,62.6913,46.0501,49.1899,44.9005,28.6241,27.9489,31.933,30.7387,42.7285,52.4026,77.6289,104.7935,121.6274,133.0913,136.9184,139.7903,143.5935,143.9487,148.5654,151.4076,154.3173,155.515,157.9875,162.7893,164.4764,169.7503,172.1443,174.9526,178.7181,181.7559,185.2049,188.934,195.6867,199.0936,201.1921,204.6496,204.4934,202.8677,203.2175,201.7997,198.9882,197.1772,194.0943,189.8941,186.6446,183.9187,182.6465,182.3649,182.2086,180.0149,179.1334,181.1938,183.2331,180.2055,181.3165,179.8226,178.9416,178.57,176.8942,173.2739,170.705,170.1061,165.6437,159.6117,154.3795,154.1723,152.0834,149.7046,147.8698,143.4735,140.2041,136.665,125.3817,120.7676,115.2107,110.1714,98.1061,86.4372,70.6189,49.0321,32.3638,29.5288,26.678,27.6236,31.6148,27.6549,35.616,46.5624,61.8361
101.307,98.3602,85.9989,62.8705,46.3245,49.3251,45.4975,29.825,27.6238,29.7275,27.8885,38.8454,48.6099,75.9724,103.0306,119.7522,130.882,134.6757,137.7471,141.5384,142.1608,146.969,150.0856,152.9392,154.2292,156.8239,161.1604,162.5048,167.519,169.6229,172.3891,176.3242,179.5262,182.9967,186.6616,193.3399,196.5772,198.7887,202.5765,202.7606,201.3305,202.0018,200.7915,198.638,197.1495,193.9743,189.7092,186.3758,183.1782,181.8108,181.4877,181.1949,179.0978,178.4407,180.3827,182.8081,179.8207,180.7449,179.1657,177.8828,177.1788,175.1791,171.0988,168.2,167.2852,162.7183,156.593,151.6406,151.4629,149.5078,147.085,145.0133,140.7772,138.1923,134.0791,123.0823,118.8318,113.5731,108.6546,96.8712,85.8256,70.5612,49.3459,32.4109,29.1356,26.5562,28.2203,32.588,28.6269,37.1848,48.4265,63.5739
99.8964,96.4505,84.2094,62.8636,47.3673,49.9444,47.0306,35.4299,29.588,27.7689,24.7086,32.0975,41.7804,73.6557,99.3303,115.7673,126.8235,131.2343,134.9847,139.2515,141.0783,146.7038,150.606,153.4835,155.0689,157.7338,161.0455,161.4817,165.5428,166.975,168.9819,172.6647,175.8324,178.728,181.8085,187.9759,190.5586,192.6111,196.5829,197.239,196.4973,198.1365,197.2314,196.5027,195.6982,193.052,189.4245,186.4685,183.0788,182.4055,182.1317,181.7194,179.6389,178.9904,179.7763,181.5995,178.5368,178.5784,176.7017,174.8175,173.5229,170.8839,165.8938,162.9931,161.7959,157.4824,151.7896,147.6148,147.5886,145.9252,143.5454,141.1633,137.8471,137.1461,131.6235,121.52,118.0868,113.156,108.3197,97.0409,87.3478,73.1428,52.841,35.192,30.8021,28.9868,31.8204,36.6061,32.904,42.5306,54.2689,68.9832
97.8583,94.4024,82.5778,62.4996,47.7719,49.9224,47.123,38.041,29.8396,25.5494,21.6939,27.2,36.8163,71.1934,95.9048,111.7552,122.556,127.1728,131.2099,135.7699,138.3292,144.563,149.242,152.2599,154.3059,157.3252,160.1805,160.2255,163.8164,164.8604,166.4904,169.9997,173.0493,175.4757,177.9734,183.8328,185.8906,187.8059,191.8094,192.3719,191.9821,194.2751,193.4521,193.4529,192.8658,190.4344,187.2905,184.7802,181.3634,181.2947,181.1288,180.7715,178.6665,178.0707,177.9711,179.5136,176.2845,175.5213,173.8118,171.5415,170.0955,167.2256,161.9114,159.1,157.9431,153.8789,148.4717,145.043,145.3009,143.9516,142.0276,140.0076,137.4092,137.7299,131.1822,121.7631,118.8195,114.1443,109.3454,98.5575,89.7656,75.8966,56,38.1573,33.2697,32.0392,35.5376,40.6193,37.0613,47.2191,59.2632,73.4222
96.6877,93.0348,81.476,62.8646,49.2628,51.2102,48.1316,41.2523,31.1621,24.855,20.5028,24.4485,33.63,69.2822,92.7703,107.85,118.4196,123.4343,127.9694,133.0403,136.4791,143.3394,148.7524,152.0223,154.5344,157.8412,160.1375,159.7191,162.5979,163.0998,164.1546,167.4144,170.2385,172.2688,174.2462,179.7568,181.0726,182.7315,186.5599,187.0097,186.9759,189.7603,188.8027,189.3442,188.933,186.4994,183.7179,181.3667,177.9044,178.5329,178.4096,178.1242,176.089,175.6698,175.028,176.2961,173.0345,171.584,170.0612,167.6934,166.2077,163.2034,157.7511,155.3582,154.5065,150.7826,145.8387,142.9207,143.3,141.7997,139.9413,138.3613,136.4295,137.5499,130.2502,121.3671,118.8093,114.1056,109.2456,98.9382,90.9409,77.7173,58.4846,40.588,35.5802,34.8887,38.793,44.1509,41.0253,51.5957,63.7882,77.3388
95.887,92.1716,80.6958,62.7081,49.5897,51.3902,48.3395,43.0235,32.3184,25.5416,21.083,24.1043,33.171,69.293,92.1324,107.0592,117.797,123.0916,127.7597,133.0562,136.865,143.9844,149.6183,152.9547,155.5865,158.8849,161.0699,160.5043,163.1382,163.539,164.2631,167.2523,169.9104,171.6055,173.2982,178.609,179.7233,181.2078,184.8515,185.1874,185.3289,188.3567,187.3769,188.0838,187.7208,185.6151,183.2322,181.1924,178.0351,179.1194,179.072,178.8599,176.747,176.1554,174.977,175.6485,172.2925,170.4912,168.9601,166.6033,165.1264,162.0963,156.6063,154.4846,153.7768,150.2822,145.6319,142.9505,143.4194,142.0086,140.31,138.868,137.295,138.7798,131.2154,122.5976,120.1671,115.4192,110.5111,100.2867,92.4983,79.3181,60.2407,42.2741,37.083,36.5844,40.4984,45.7633,42.762,53.3556,65.5427,78.8993
94.8187,91.2415,79.8489,61.8419,48.673,50.3824,47.0162,41.9673,30.9219,23.9315,19.3636,22.5274,31.6764,68.2366,91.141,106.0076,116.7864,122.1023,126.7864,132.19,136.1067,143.4268,149.3331,152.8147,155.6766,159.2139,161.5559,161.092,163.8305,164.2988,165.1085,168.1069,170.7094,172.3216,173.8304,179.1643,180.1609,181.6141,185.2256,185.3468,185.4577,188.566,187.5115,188.157,187.6687,185.5425,183.2391,181.3651,178.2739,179.508,179.5179,179.393,177.231,176.6423,175.3097,175.9708,172.4968,170.5143,169.1504,166.7428,165.3767,162.3889,156.952,154.8796,154.295,150.8527,146.2055,143.6528,144.2935,142.957,141.523,140.4215,139.0167,140.5584,132.7088,124.1062,121.6339,116.8666,111.9074,101.6576,93.8453,80.2631,60.8556,42.8055,37.6798,37.2473,41.1369,46.4691,43.405,54.0209,66.372,79.7023
94.5829,91.0007,79.2889,60.8601,47.71,49.8269,44.8274,38.4657,28.2956,22.4766,18.4396,23.5749,32.3532,67.0612,90.3187,105.0374,116.0515,121.6656,126.7082,132.669,136.8111,144.4499,150.6838,154.7155,158.0139,161.9603,164.7167,164.5562,167.3714,167.9046,168.8449,171.9231,174.3,176.1457,177.5959,183.1124,183.6175,184.887,188.1152,187.7554,187.6142,190.3268,188.6455,188.4958,187.5238,184.7196,182.0498,179.7701,176.662,178.0693,178.0324,178.1117,176.0399,175.76,175.2072,176.2092,172.7661,170.9516,169.9771,168.0783,167.235,164.5848,159.6978,158.217,158.3652,155.0377,150.5023,147.4633,148.1287,145.9372,144.2033,143.9406,142.5165,143.3784,135.6503,126.4253,123.4215,117.974,112.6831,102.0857,93.6037,79.3625,59.2858,41.2452,37.2236,36.601,39.7418,45.1985,42.3973,52.7392,65.2164,78.7268
94.4495,90.4467,78.1947,60.0648,47.356,49.6765,44.3668,39.7386,29.5184,24.1164,20.3666,24.9291,33.4457,68.0911,90.8134,105.9206,117.7844,124.2496,129.7891,136.3989,141.1783,149.243,155.5655,159.8488,163.1898,166.9213,169.6949,169.3741,171.8485,172.3807,172.8216,175.5073,177.6015,179.1646,180.4178,185.7501,185.9293,186.8639,189.6483,189.26,189.2947,192.0517,190.1191,189.8357,188.8524,186.4563,184.1619,181.9867,179.4007,181.4129,181.4017,181.581,179.4133,178.8447,178.0286,177.9878,174.5071,172.6021,171.3609,169.8235,169.0694,166.4057,161.5135,160.6877,161.2106,158.1946,154.143,150.8096,151.4275,148.8058,146.7029,146.4326,145.3524,146.4898,138.6703,129.264,126.0829,120.076,114.5142,103.4728,94.658,80.2049,59.94,41.4279,37.4932,36.8387,39.489,44.7074,42.1722,52.4389,64.979,78.7811
93.9127,89.7135,77.1517,59.2908,46.9333,49.2598,43.9972,41.4179,31.5115,27.001,23.6086,27.3802,35.8114,70.1204,92.2255,107.7519,120.4928,127.6119,133.2952,140.2852,145.426,153.7087,159.9335,164.2887,167.5285,170.9183,173.8843,173.5431,175.8815,176.5949,176.5709,178.7352,180.5331,181.6401,182.6636,187.7844,187.9458,188.5656,190.8883,190.3502,190.5327,193.3741,191.345,190.8753,189.8393,188.2108,186.551,184.8417,183.1029,185.7528,185.8531,186.1666,183.7743,182.6395,181.154,179.7134,176.087,174.009,172.4973,171.2733,170.628,168.0293,163.2044,162.9418,163.7313,161.0565,157.4709,154.0298,154.6738,152.0524,149.9634,149.6392,148.8884,150.2011,142.4547,133.0449,129.7191,123.3434,117.5954,106.1543,96.9751,82.0914,61.5967,42.8117,38.7303,38.0179,40.1119,44.8344,42.3896,52.3334,64.746,78.7507
92.9865,87.8779,74.7262,58.9017,48.3467,50.5976,45.7618,49.4706,38.0286,32.7608,29.4438,29.4652,37.2844,72.8772,92.5434,108.3867,122.6259,131.528,138.1468,146.3417,153.1195,162.3507,168.8747,173.4475,176.6812,179.3958,181.819,180.6882,181.8188,182.1899,180.5522,181.5061,182.6437,182.5867,182.862,187.1749,186.6374,186.4603,187.8807,187.4212,188.3825,191.9082,189.7306,189.7897,189.138,189.0641,188.8873,187.9881,187.6103,191.9847,192.2495,192.7208,190.0412,188.0171,184.8367,180.448,176.6613,173.7626,171.5552,170.7549,169.9718,167.1256,161.9544,163.0256,164.3348,162.5474,160.2993,157.0024,157.6087,154.7429,152.2973,151.6803,152.1099,154.8625,146.5679,137.6847,134.6145,127.5552,121.4545,109.6973,100.7762,86.3101,66.4383,46.8516,42.0581,41.753,43.4516,47.5448,45.7596,55.7587,68.0832,82.0401
93.0244,87.2495,73.7664,59.649,50.7234,53.0141,48.2443,55.995,44.0141,38.6791,35.6761,33.3061,40.385,75.5038,93.1316,108.8516,123.9805,134.1086,141.3903,150.4546,158.3581,168.1437,174.7912,179.5264,182.729,184.9091,186.8683,185.1636,185.2835,185.2813,182.3612,182.3797,182.9661,182.114,181.9113,185.6065,184.484,183.6713,184.2963,183.8049,185.298,189.1769,186.7667,187.0364,186.6041,187.4629,188.2692,187.7848,188.383,194.0233,194.3705,194.9746,192.1633,189.5985,185.4241,178.9996,175.2021,171.7742,169.1751,168.8865,168.1205,165.2381,160.0571,162.2883,164.157,163.0735,161.8935,158.6345,159.0906,155.8176,152.9564,152.2454,153.4278,156.9074,148.562,140.0546,137.135,129.4855,123.1191,111.288,102.5557,88.7229,69.6545,49.8527,44.8427,44.8159,46.0558,49.6381,48.5365,58.3754,70.3721,84.0752
92.9744,86.4217,72.6474,60.6676,53.6623,55.9054,51.4699,64.17,51.0986,45.0985,42.2419,36.6672,42.948,78.1945,93.3866,108.9085,124.9305,136.4125,144.4537,154.4527,163.6906,174.1305,180.9718,185.8272,188.9887,190.5601,191.8351,189.3638,188.252,187.7395,183.3193,182.2879,182.2945,180.4946,179.7142,182.6571,180.8633,179.3616,179.1837,178.759,180.9355,185.3475,182.7804,183.529,183.4659,185.4421,187.4147,187.4494,189.0678,196.1403,196.5837,197.2953,194.3443,191.1816,185.732,177.0247,173.2133,169.0891,166.0053,166.1535,165.2866,162.2621,156.9205,160.3532,162.7279,162.4272,162.4477,159.3789,159.6792,156.0745,152.7911,151.8672,153.9693,158.5132,149.9509,142.0313,139.4344,131.2586,124.6527,112.8658,104.588,91.68,73.7037,53.6193,48.1477,48.5398,49.5041,52.5761,52.2364,62.0517,73.7201,87.0471
96.7015,88.4195,73.9425,64.7307,59.8029,62.1083,60.4029,78.7071,62.7359,53.2218,49.6332,37.9724,43.4853,82.1112,94.5706,110.3661,126.828,139.7245,148.9301,159.4915,170.2431,180.9985,187.4299,191.7066,194.0098,194.1452,193.2635,188.9258,185.7142,183.9814,177.6315,175.8148,175.8092,173.3872,172.6404,174.5989,172.357,170.5089,170.3303,171.6281,175.0366,180.3426,178.3938,181.2232,182.7228,185.9742,188.7764,188.6026,190.1756,197.9229,198.1674,198.3502,195.5693,192.0677,185.5728,175.0766,171.7475,167.3258,162.7073,162.6614,160.5039,156.422,149.6189,153.366,155.0225,155.0734,156.0971,153.1511,152.6911,148.7897,143.8951,140.7041,143.4209,150.3614,141.4609,134.5391,133.1049,125.0123,118.5714,107.2203,100.5662,91.0225,75.902,54.9831,47.7071,48.7232,50.8997,53.8682,54.4217,65.3822,76.801,89.9099
110.0229,98.2612,82.11,75.8349,72.8614,76.1338,80.1464,100.4142,80.0508,63.1115,57.7772,38.0642,42.3829,87.1333,97.4619,113.9357,129.2446,143.1672,154.413,164.7966,176.8747,186.937,191.679,194.3514,194.4037,191.9379,186.2832,178.3474,171.5992,167.1751,158.699,157.2656,158.4748,157.0434,158.0884,159.1021,156.6036,155.2584,156.6626,162.7082,167.873,173.8966,173.4867,180.5639,185.4817,188.6474,190.2966,187.2152,185.7272,191.8591,191.0644,189.4764,187.8805,185.4848,180.4644,171.1175,169.6243,166.5067,158.8691,157.8915,152.5938,146.0877,136.0031,138.3936,137.4191,136.6454,137.8595,134.1056,131.4095,126.1051,116.5155,107.6597,109.5835,120.0304,111.3884,105.3521,106.1446,98.8731,93.255,83.0765,79.6878,78.3663,69.3592,47.1587,37.0566,38.6805,44.4458,48.5551,50.5341,64.6412,75.848,89.131
116.9655,106.1333,92.4034,85.8572,80.9982,82.7708,94.7899,110.8419,90.3645,70.1505,62.8538,38.8511,45.0846,93.2791,104.6022,120.8111,132.2582,141.9195,149.9432,155.4812,163.6502,169.9169,171.6342,170.8263,167.9948,163.6843,156.1314,147.5081,141.5377,136.8287,129.5464,129.312,132.6177,132.0152,135.0743,136.1986,137.3455,138.0437,142.4846,151.2654,156.6029,163.1263,166.0448,176.2001,183.2377,187.2413,188.1925,185.1729,181.5965,183.9881,182.9569,179.9044,178.5635,176.0998,170.4951,163.9152,163.0423,160.8945,152.0569,148.4572,140.6466,132.9628,120.9405,118.6822,113.2913,110.6388,109.5563,107.5551,104.0598,102.7396,94.1132,80.7397,80.3881,91.3987,84.4222,80.7147,83.8711,80.8759,77.5603,69.9797,69.6771,72.8812,67.9947,47.8725,33.6522,35.4349,45.2736,49.37,49.6699,64.621,74.3297,86.3989
112.4796,107.0235,100.1962,92.5753,84.068,81.3163,102.3649,114.3546,96.0757,75.8715,66.3477,39.3353,49.9683,99.5139,112.3294,126.4583,132.3236,133.7797,133.9274,131.2975,132.0227,132.8138,131.5223,126.1017,120.7468,115.769,109.334,102.7468,101.1006,98.323,94.2902,94.8263,100.1102,98.6571,102.4397,103.9887,111.5141,114.8467,122.575,130.8533,135.2934,142.9472,150.4077,162.422,169.9309,176.8529,179.3153,180.8196,177.8076,176.6808,176.6381,173.0389,170.6047,166.1689,155.718,150.8494,148.7936,145.6241,137.8621,130.3564,121.2707,113.9434,101.756,93.2486,82.9546,78.5672,74.1002,77.3326,75.1074,83.2529,82.2676,67.1372,64.7469,74.3708,69.2911,70.1802,75.9443,80.0471,80.0436,76.5934,79.5185,82.6591,79.7175,64.8547,45.2266,47.4583,61.1756,63.6365,59.7387,72.8977,79.8723,88.5049
101.7561,103.2029,104.5845,96.7811,86.0604,78.3523,104.4334,113.3376,100.0154,84.1925,74.0508,47.2073,61.3996,105.162,117.9679,128.0015,128.649,121.9596,113.6095,103.6097,97.0474,92.9956,89.8664,80.949,74.5114,70.077,66.669,63.5717,66.8961,66.6842,65.726,65.9607,71.8843,68.4479,71.5375,73.3882,86.4926,91.5118,100.6836,105.3956,108.3552,116.8278,127.4249,138.846,144.945,154.8276,159.9933,167.5602,167.3631,164.7976,166.3125,163.3431,159.3226,152.368,135.9587,131.1336,127.1212,121.6394,116.9126,106.8223,98.5661,93.3032,83.4446,70.8791,58.1702,53.2906,46.4801,55.6155,55.5739,73.0966,81.8613,68.7484,65.2835,71.4761,68.7069,74.2802,81.6416,91.8306,94.4941,95.2795,100.2232,100.3664,97.8359,89.9657,67.1614,69.9457,85.0263,84.8956,77.2055,86.3249,89.7674,93.6422
101.7334,102.6438,106.0955,105.1969,99.9504,91.1559,118.4366,135.3445,118.0411,97.1507,86.1152,51.7598,63.7282,106.7703,113.0759,119.1767,118.0053,111.79,103.9965,94.4876,89.8879,86.4043,84.2576,74.995,68.8886,64.058,57.9513,52.915,53.1893,50.6862,46.806,45.3738,50.429,45.1492,46.8896,46.9625,58.4714,62.5516,70.8423,75.4027,79.8437,89.9231,100.6761,114.2193,121.3955,132.2065,139.2912,147.7651,148.1457,147.9347,149.6115,146.693,142.914,135.9637,116.9127,110.0714,106.304,98.4958,94.126,84.0177,75.378,69.9611,60.0803,49.0163,36.9556,33.4929,28.7279,40.1805,39.8819,57.6755,66.7289,54.0389,52.3269,60.5836,57.3102,65.9218,75.2911,86.1466,89.1743,92.8705,101.4247,106.2965,108.9717,103.0224,79.1213,83.8452,100.3334,100.0415,94.2637,103.6933,105.6425,106.0083
106.8391,106.249,109.8337,114.2465,114.3121,105.8584,133.4085,156.5306,140.8229,121.572,112.2704,73.1133,82.0539,117.2665,117.4173,121.2787,120.4828,116.1164,109.3103,101.0363,98.1674,94.6701,91.8308,82.383,75.5754,68.9238,60.9442,54.3645,51.5952,47.4407,40.0905,36.3434,40.0717,33.3071,34.5949,33.0322,43.3202,45.9345,52.1258,56.6507,62.2395,72.5136,82.6299,96.3529,104.1404,116.258,125.0594,133.5823,135.8134,138.0541,139.6812,136.9083,133.2861,125.6242,105.3636,94.7331,91.622,83.057,78.1336,69.8539,61.4105,56.4328,47.4336,39.3458,28.8107,27.0181,24.9299,36.433,34.9761,51.2411,58.596,45.5077,44.6669,53.1388,51.8215,61.72,71.7075,81.4021,84.1461,88.9683,98.5802,107.5883,114.821,110.6366,87.0776,92.4306,107.6809,105.9227,102.5986,110.7935,110.3262,108.6971
105.7101,109.2733,116.4382,118.2726,116.853,107.1878,134.3053,149.3787,146.7664,141.8359,136.5637,104.9471,114.5846,131.2635,132.1769,134.1388,131.9935,123.328,111.0496,98.8768,90.3025,82.6358,76.7197,65.7013,57.4911,50.1789,46.1432,43.2805,44.3273,42.8511,37.3471,32.7135,35.9307,28.6452,30.5609,29.7188,43.8409,46.765,51.7789,52.7677,56.2833,64.5182,74.8325,84.0877,89.2969,102.578,112.3265,123.4236,129.21,130.6483,133.0588,131.241,126.5969,116.885,95.6232,83.8221,79.9489,71.9809,69.1503,62.2905,56.2586,54.395,49.6095,41.409,31.572,29.9307,27.0607,39.3817,38.3425,57.808,69.4704,58.5331,55.5053,57.3445,61.5959,71.85,80.4011,91.287,94.738,100.3129,107.218,112.6065,118.7592,120.3948,98.5383,102.3383,113.909,108.7448,103.8961,106.3346,101.8352,98.3697
100.368,107.028,116.5411,116.6461,114.059,103.0754,129.7013,143.2605,148.3343,153.0481,150.2759,122.5781,133.2885,139.9498,141.0993,142.5105,140.7608,129.9242,113.9526,99.6786,87.8595,78.1933,70.8283,59.08,50.3644,42.8363,42.2459,42.1979,46.2145,47.1681,42.764,36.9659,39.4506,30.9031,32.3878,31.864,48.5259,51.3158,55.1201,53.0408,55.2848,62.6866,73.1049,79.2148,82.3697,97.7134,109.3087,123.5537,133.0535,135.0622,138.3776,137.5741,131.6889,119.6748,96.0005,81.4816,76.4218,68.0219,66.6005,60.5967,56.4479,56.7209,54.7105,46.8724,37.809,36.7316,33.7295,47.0662,46.9939,69.402,85.1378,76.3001,72.7453,70.8387,77.813,88.5092,95.9231,107.4247,111.092,116.5407,121.1951,122.1131,126.0042,130.7175,109.454,112.3511,120.987,113.0733,106.7688,105.1493,98.4323,94.0636
96.9863,105.1001,115.0712,113.5752,110.239,98.9713,124.1967,137.4804,148.1108,160.3685,159.8243,135.4273,146.5587,146.1513,147.6105,149.5026,149.2918,138.1882,120.5941,105.9413,92.7309,82.3607,74.1785,62.5069,53.626,45.8672,47.8611,49.6788,55.4651,58.1821,54.2047,47.4143,49.1137,39.742,40.8727,40.5801,58.4235,60.7581,63.2205,59.0577,60.4707,67.0659,76.9938,80.4556,82.0342,98.7861,111.6205,127.6636,140.0231,142.9092,146.7729,146.7817,140.0288,126.3582,101.4817,84.3693,78.5344,70.0993,69.3252,64.5035,61.8641,63.5962,63.5223,56.7674,48.8393,48.376,45.7032,58.8606,59.3385,82.6791,100.3111,93.003,89.3109,84.9024,93.6178,103.8045,109.8837,120.7601,124.0761,128.4782,130.6931,127.8919,129.4018,135.2886,115.0444,117.051,122.8288,112.9711,105.9973,101.6132,93.7647,89.6232
98.8017,104.3678,111.1548,111.0327,110.2036,100.6207,123.257,142.9823,154.2755,169.2333,170.6176,144.8981,154.0221,151.1005,150.0576,153.6019,157.4267,150.7978,136.2478,125.2444,115.4017,107.1624,99.3689,89.2541,80.6539,71.8714,73.6859,74.5707,78.2548,80.5948,74.0489,65.5395,65.806,55.5998,56.114,55.0281,70.7412,71.3423,71.4306,67.29,69.465,75.7758,83.9587,86.3643,87.815,105.578,119.4834,134.9535,149.2833,154.9181,158.654,159.0957,152.2231,137.7636,112.9958,91.6032,85.9914,77.6542,75.6303,73.1139,71.0843,72.8638,73.049,69.9571,64.3259,65.3449,65.143,76.0982,75.9282,95.8681,110.5311,103.2809,100.9322,97.3094,106.0796,114.7509,119.6555,127.1499,128.9218,131.0346,131.3155,128.1892,129.1472,132.8326,114.0425,115.6987,118.6881,107.9594,102.8668,98.1364,90.5168,87.9354
103.2101,103.0739,104.0796,108.3814,112.9746,106.3913,125.3143,157.796,163.8083,175.3052,177.6092,146.0431,151.2337,151.7376,145.6694,151.2971,160.7052,162.3258,154.8253,150.8875,148.7164,145.3764,139.6806,132.501,125.0335,115.1116,114.1887,111.6518,109.8817,109.8004,98.2703,87.6096,85.9551,74.7963,74.1148,71.3249,81.7752,79.6407,76.7427,74.2719,78.656,85.5357,90.9915,94.1774,96.7892,114.9865,129.8549,142.9364,158.0976,168.177,171.2716,171.8498,165.5367,151.3155,127.4286,100.8648,96.1908,87.5447,83.0174,83.2955,81.0378,81.525,80.345,82.8444,80.4252,83.6532,87.6319,95.286,93.7542,106.9436,115.0371,107.0672,107.6824,108.1874,114.7237,121.4564,125.6587,127.8065,127.1215,126.3592,125.8269,125.3086,127.326,125.9076,108.7158,110.893,111.8323,101.6051,100.4909,97.9521,92.0889,91.7646
103.795,100.4434,98.0011,104.3985,111.5123,106.593,122.8432,162.5433,163.6507,171.2348,173.296,138.7066,142.0308,147.621,139.5129,146.5325,159.0727,165.486,162.4035,162.8176,165.4457,165.5445,161.8452,156.7288,150.4996,140.6375,138.2031,133.7124,128.9961,127.5252,113.5898,102.1612,99.5692,88.0602,86.4593,82.8946,89.9267,86.3737,82.1374,80.6278,86.2472,93.6988,97.5272,101.4557,104.6987,122.6597,137.7683,149.3733,164.3967,176.9152,179.6368,180.3019,174.3668,160.6924,137.4836,108.798,104.5167,95.4923,89.7421,91.1702,88.7118,88.201,85.8626,91.2237,90.5742,94.8805,100.9376,106.8288,104.8575,114.1392,118.6576,110.6934,113.2826,116.7296,120.8446,126.3022,130.1158,129.2531,127.0835,124.5381,123.6957,124.0261,125.7985,120.7023,104.4191,107.0737,107.3625,98.1042,99.0394,98.4934,94.5285,95.7823
104.0462,100.0119,97.2676,104.0126,110.4249,104.8937,124.9175,168.4581,165.422,168.2294,168.3484,128.6816,133.2061,147.3134,139.2799,147.7848,160.4916,167.0453,164.0895,163.9174,166.8699,167.0281,163.0577,157.0304,150.0274,139.409,135.7539,130.1675,125.0788,123.3864,109.2524,98.0235,96.175,84.4148,82.9586,79.0959,86.8149,83.7601,80.7754,81.0626,87.4592,96.0533,101.3152,107.6561,112.3477,131.6982,147.3148,159.3966,173.8162,185.8095,188.5054,188.5274,182.4718,168.3522,143.7151,114.5571,110.2313,100.9832,93.8248,93.7436,89.6512,87.7462,83.253,87.0152,84.3964,88.2118,93.8543,100.4107,98.4222,109.1681,113.6431,103.2477,106.1294,112.2514,114.9389,121.3256,126.336,126.7328,125.1258,122.6949,123.3285,124.9098,127.4336,120.738,101.5924,104.6967,107.2143,98.3038,98.5344,99.7089,96.551,98.3725
101.4981,98.2132,96.0981,101.4377,105.5376,98.9436,122.0341,166.1296,160.548,160.39,158.6956,117.0207,123.6676,145.0538,138.8748,148.6838,160.9342,166.1778,162.0406,160.2916,162.1201,161.7628,157.5447,150.553,143.0673,132.4705,128.9466,123.4963,119.6425,118.6364,105.7118,95.2101,94.3014,82.5466,81.2448,77.6897,86.91,84.7885,83.38,84.4745,90.8881,100.2703,107.0399,114.8318,120.1444,140.4897,156.3143,169.4449,183.3488,194.1444,197.0269,196.6564,190.2583,175.6734,149.6943,121.1649,116.3761,106.9573,99.3058,97.4217,92.2784,89.5532,83.6262,85.0209,80.3647,83.3256,87.6679,95.2818,93.8662,107.1253,113.175,101.4471,104.1506,111.601,113.0678,120.2007,125.9754,128.2077,127.3458,125.057,126.5061,127.2762,128.9402,121.404,99.85,103.0939,107.536,98.9133,97.5001,99.6726,97.3438,99.6623
100.0242,98.1601,96.5106,98.1649,98.6797,91.6837,115.6822,154.4715,150.4764,151.7942,149.7204,111.4532,120.1514,143.2038,140.8549,151.9813,163.6637,166.8716,161.0043,157.4163,156.8843,155.3464,150.4165,142.8173,134.9556,124.812,122.7629,118.6601,117.2071,117.6004,107.004,97.7647,97.7865,86.9422,86.3877,83.8949,94.9581,93.9381,93.844,94.9048,100.3713,109.268,116.8335,124.1114,128.9787,149.0102,163.9138,177.3255,190.5929,199.3704,202.3388,201.8163,195.1829,180.5487,155.1458,128.6639,123.5159,114.9567,107.5593,104.6781,99.4457,96.7841,90.7308,89.9232,83.9362,85.7296,88.193,95.8365,94.9174,109.8792,117.3875,105.361,106.84,113.1461,114.8037,121.3516,126.7281,130.1628,129.8033,127.0524,127.5966,126.0042,125.357,117.8159,95.8192,98.325,103.1951,94.727,91.4923,93.4976,91.6779,94.9732
101.0482,98.759,95.4972,94.4687,93.3125,87.5275,109.0542,143.3743,140.6772,143.6671,142.2067,108.5367,117.2838,139.737,140.1012,152.5123,165.048,168.8728,163.9688,161.3134,160.9518,159.9463,155.2997,148.6612,141.3021,131.8287,130.6088,127.0552,126.2027,127.0176,117.4067,109.0836,109.2589,99.65,99.6325,97.953,108.4752,107.5741,107.505,108.5925,113.4323,121.346,128.0037,134.0448,138.2876,156.6735,170.0227,181.9185,194.2396,202.2611,204.9217,204.4448,198.0988,184.3207,161.4224,136.6493,131.717,124.3462,117.0531,114.7301,109.9673,107.4179,101.6021,100.9849,95.5896,96.9155,98.8278,104.7661,103.7373,116.8677,123.0316,111.5153,112.3864,117.6965,119.2925,123.8352,128.0029,130.1726,129.2117,125.0046,123.7916,120.5964,117.7331,109.0044,88.7825,90.4922,94.3979,86.6496,83.3903,85.6519,84.883,89.8235
100.3037,97.9537,92.6219,88.4402,86.669,83.2281,96.199,122.6552,125.3025,135.357,136.9026,114.4393,121.5093,134.1433,137.1759,149.478,163.6157,169.0274,165.9493,166.1504,166.6971,167.216,163.9963,160.2284,154.9771,147.5332,148.8073,147.0565,146.9619,148.4311,139.8116,132.073,131.1813,123.043,122.9764,122.4672,130.6934,128.9367,126.9437,125.6354,128.983,134.5667,137.9438,139.5317,141.1505,155.9654,167.1623,176.7728,188.9952,197.5962,199.9719,200.5276,194.6157,182.3796,163.9387,141.056,136.2933,130.2082,124.7711,125.1828,123.1637,122.3831,119.4198,121.7373,120.0581,121.7996,124.0681,127.0378,126.0882,134.652,139.0537,131.6775,132.158,133.6236,136.0718,136.9049,138.0031,136.4679,133.7154,127.2207,121.9461,114.7753,107.7963,98.8267,84.487,84.8819,84.6069,77.4397,75.3304,76.0719,76.0888,82.5282
95.9438,94.5689,87.9609,79.7539,76.3274,74.7127,78.4235,95.6557,103.0207,119.5807,123.575,113.8665,120.026,124.2416,131.1344,142.9974,158.1304,164.2019,162.3011,164.9042,165.8059,167.9548,166.8406,166.1265,163.6348,159.2262,163.7746,164.5368,166.2061,168.7944,162.1916,155.5359,153.7324,147.1386,146.6892,147.7336,153.8408,151.5405,148.0192,143.5691,145.0178,148.3912,148.5389,145.4161,143.8978,154.723,163.6145,171.4709,183.3748,192.2847,194.5655,196.3589,190.7464,180.2495,166.049,146.0992,141.0873,135.9035,133.1457,135.7404,136.7931,137.9919,138.1142,142.7234,144.7114,146.6385,148.6252,149.2742,149.078,153.9186,157.9687,155.8547,156.0219,153.3399,155.8934,153.1101,151.0459,146.3432,141.9135,133.321,123.9723,111.2651,98.8711,89.8312,81.5068,80.6918,76.5187,70.3064,68.6605,67.8954,69.2019,76.9523
90.7576,89.626,82.2501,73.1875,69.8136,68.8731,67.3942,83.9242,91.3916,109.4845,114.2333,109.0994,114.6445,117.1381,124.8566,136.4254,152.7685,160.1762,159.5717,164.3446,166.7101,170.7884,171.7188,173.05,172.5951,170.0478,176.1182,177.8207,179.8465,182.8108,176.578,169.9756,167.3001,160.7551,159.2676,160.7182,164.9399,161.9148,157.2041,150.8397,151.7332,154.6387,152.9173,147.7916,144.7094,154.0966,162.6619,170.2946,182.6084,192.8772,195.2891,197.9407,192.2963,182.4149,169.2119,149.4857,144.0336,138.3978,137.0293,140.6928,143.3746,145.4134,146.8677,153.3528,157.6877,160.2456,162.757,162.6714,163.2381,166.1559,170.3503,171.5176,172.6011,168.9689,170.348,166.1009,162.596,155.9466,150.3843,140.6196,129.5398,113.5715,98.136,88.3134,82.7525,81.8099,75.6926,70.0297,68.8716,67.7207,70.1889,78.4701
89.5991,87.5194,79.0779,71.2222,69.463,69.2246,65.0614,84.1974,90.4785,108.1254,113.2917,108.2943,112.6008,114.607,121.0484,132.3443,149.8818,159.2837,160.4865,167.4114,171.8932,177.6324,179.8467,182.4821,183.0852,181.0546,186.9534,188.2335,189.0999,191.5141,184.24,177.111,173.6471,166.7858,164.5466,165.6747,168.0243,164.1252,158.3003,151.4186,152.618,155.5691,152.6045,146.996,143.5849,152.4914,161.2539,168.4201,181.0744,192.9034,195.2616,198.2905,192.7822,183.2368,170.3872,149.7072,144.2954,138.1942,137.0269,141.6455,144.9309,147.0993,148.9066,157.3138,163.2637,166.6166,170.2954,169.5722,170.1547,171.0903,174.1917,176.6403,178.7655,175.6099,176.1448,171.2892,167.2889,158.9791,152.5715,142.1907,130.666,114.4257,98.5858,87.854,83.6504,82.9529,75.8197,70.4555,70.4381,69.5121,72.5428,81.0003
89.2039,86.7203,77.7636,70.092,68.6828,68.8024,63.4349,82.8685,88.3005,105.2326,110.3567,105.8084,109.7172,112.2578,118.6466,129.9004,147.7518,157.8597,159.8964,167.6852,173.0121,179.4844,182.3441,185.5723,186.7028,185.0693,190.8521,191.9529,192.4198,194.5731,187.1104,180.0407,176.3975,169.6454,167.1906,168.3161,169.8404,165.7153,159.656,152.6934,153.9612,156.9026,153.4355,147.722,144.2059,152.574,161.1007,167.8219,180.2068,192.4032,194.6785,197.7985,192.4366,183.2842,170.933,150.4583,145.1099,138.9349,137.8893,142.7484,146.2067,148.3284,150.1447,159.0983,165.592,169.0981,173.035,171.9791,172.5796,172.6011,175.1426,178.1023,180.5545,177.6462,177.6318,172.3881,168.1833,159.2487,152.5133,141.8662,130.2041,113.8516,97.6913,86.4173,82.8312,82.2253,74.9064,69.9497,70.3275,69.761,73.2686,81.9286
89.177,86.6715,77.7596,70.1266,68.5969,68.5879,63.7857,83.6579,88.6055,104.9516,109.813,104.5996,108.7032,112.2979,118.7037,130.1114,147.9196,157.9526,159.9146,167.5395,172.8237,179.2419,182.0353,185.0994,186.1071,184.3728,190.0178,191.0065,191.4746,193.6215,186.1675,179.1274,175.5956,168.7991,166.3673,167.4587,169.1384,165.1023,159.231,152.4803,153.8346,156.9308,153.6908,148.2947,144.9613,153.5363,162.1473,168.9822,181.3039,193.4009,195.6854,198.7214,193.3315,184.0999,171.5124,150.9927,145.6245,139.4065,138.2016,142.8323,146.0768,148.0328,149.5847,158.2748,164.4736,167.9027,171.7538,170.8424,171.4559,171.7662,174.3922,177.0364,179.5044,176.9095,176.7417,171.6681,167.6411,158.9417,152.3129,141.7294,130.2875,114.0893,98.0472,86.6399,82.6405,82.0968,75.0944,70.1594,70.4049,70.0268,73.5996,82.2856
89.6311,86.5699,77.462,70.8306,70.0461,70.1117,65.4466,86.7121,89.7959,103.9293,108.24,101.5272,105.2672,110.7517,116.4423,127.5893,145.2477,155.7679,158.4362,166.5362,172.6473,179.5606,182.7905,185.9948,187.19,185.5035,190.3544,190.693,190.3746,191.9193,183.9756,176.9274,173.3961,166.5553,163.9738,164.8201,165.8709,161.7305,155.9406,149.6265,151.357,154.8086,151.5481,146.891,143.9817,152.3779,160.9593,167.4597,179.2996,191.6414,193.8193,196.7242,191.5291,182.6341,170.0569,149.6626,144.4621,137.9988,136.6093,141.0809,143.9965,145.576,146.6497,155.4756,161.6517,165.1697,169.2843,168.4779,168.9689,168.8522,170.914,173.3347,176.1649,174.4876,173.6834,168.8536,165.2066,156.4441,149.7854,139.4674,128.7449,113.6018,98.3242,86.5038,82.2675,82.0964,75.704,71.2074,71.8656,72.2127,76.078,84.5863
89.5428,86.4808,77.9563,72.4447,72.206,71.7945,68.4222,91.3027,92.7963,104.8361,108.4111,99.4242,103.2362,110.6299,115.4525,126.1113,143.1341,153.3477,155.8389,163.5432,169.7297,176.5365,179.8134,182.6026,183.6403,181.795,185.9448,185.8063,185.0887,186.2404,177.9883,170.8469,167.4604,160.3205,157.6041,158.1533,159.3009,155.2685,149.8146,143.8642,145.9448,149.9403,147.1879,143.5071,141.1087,149.8971,158.8306,165.6556,177.3038,189.6779,191.8921,194.6256,189.4497,180.5114,167.1478,146.6719,141.4816,134.5704,133.0405,136.974,139.4118,140.6622,141.2445,149.6399,155.2792,158.7968,162.9441,162.8788,163.3776,163.9555,166.3371,168.2781,171.3384,170.5096,169.3309,165.3645,162.4267,154.3682,148.0403,138.4505,128.8323,114.7949,100.6246,88.9988,83.8071,84.0885,78.6651,74.2743,74.9256,75.7114,79.4571,87.3488
91.029,87.2877,78.5854,73.9102,73.9926,73.5549,71.4919,95.4187,94.2616,102.811,105.292,93.9435,97.74,108.9266,113.413,124.0926,140.5863,150.9437,154.0194,161.7355,168.4897,175.5073,178.9536,181.494,182.3805,180.3761,183.304,182.2423,180.729,181.16,172.5946,165.7511,162.7468,155.7885,153.2232,153.5691,154.4331,150.6163,145.8135,140.9522,143.5175,148.0262,145.7306,143.4686,141.9396,150.5745,159.2442,165.5488,176.15,188.1811,190.1981,192.5186,187.6268,179.1426,165.857,146.0586,141.1588,134.1927,132.1358,135.4155,136.9999,137.4853,137.0017,144.7856,149.6682,152.9281,156.9661,157.1173,157.3691,157.8944,159.5625,160.4459,163.6219,164.185,162.2287,158.6993,156.5049,148.9074,142.8239,133.6952,125.2821,112.9846,100.0123,87.7734,81.6463,82.3504,78.3367,74.6219,75.4487,77.4755,81.6496,89.4727
92.2499,88.4615,80.0911,75.5031,75.2398,74.6246,73.7455,96.5202,93.8377,99.8938,101.4297,89.2265,93.3166,107.0072,111.9316,122.381,137.7826,147.4163,150.3763,157.453,163.9046,170.6105,174.0114,176.1328,176.8312,174.8924,177.0618,175.5881,173.9483,173.97,165.7318,159.4851,157.0254,150.4992,148.2757,148.7019,149.7602,146.4274,142.4933,138.4019,141.0855,145.8398,144.0944,142.8396,141.8793,150.0347,158.1357,163.9763,173.3983,184.5598,186.4164,188.3608,183.7371,175.8023,162.879,144.5289,139.8578,133.0214,130.8324,133.3495,134.285,134.2819,133.0983,139.8173,143.812,146.5691,150.0286,150.5279,150.6498,151.55,153.0716,153.2048,156.0668,157.2223,154.9,151.7539,150.1676,143.3903,137.7218,129.2366,121.8304,110.7884,98.6807,86.4468,79.6281,80.5776,77.9099,74.8412,75.482,78.37,82.7751,90.3752
92.9318,89.1323,81.2498,77.1263,76.8033,75.9181,76.0668,98.1839,93.5411,96.6521,97.1243,83.7838,88.0669,104.4515,109.5031,119.4406,133.6375,142.5818,145.4916,152.0297,158.3609,164.9084,168.4904,170.2704,170.9457,169.2066,170.5346,168.5882,166.6935,166.1915,158.173,152.459,150.4703,144.2555,142.2045,142.6323,143.6998,140.7856,137.6617,134.2191,137.0829,142.2072,140.9624,140.8006,140.3996,148.0554,155.6967,161.1688,169.4299,179.9189,181.645,183.2605,178.9104,171.5705,158.8362,141.8902,137.4108,130.4848,128.2922,130.0197,130.3485,129.8698,128.0167,133.7824,137.0048,139.3583,142.3473,143.3823,143.447,144.7346,146.2389,145.8515,148.582,150.4686,147.5857,144.9856,144.095,138.1544,132.8896,125.209,119.01,109.299,98.1797,86.0147,78.5169,79.8609,78.6183,76.2592,76.8046,80.6063,85.2631,92.4229
94.554,90.9558,83.5697,79.3287,78.7161,77.7563,78.5362,98.2986,93.6585,95.9263,96.0466,83.0704,87.4359,103.7419,109.25,118.658,131.671,139.6639,142.1754,147.9512,153.6028,159.5413,162.8505,164.2367,164.6867,163.0039,163.9153,161.8858,160.0718,159.3052,151.7041,146.5092,144.936,139.2181,137.6031,138.1938,139.5722,137.0833,134.5646,131.5082,134.2642,139.2903,138.3815,138.6054,138.4481,145.4423,152.4268,157.3899,164.7183,174.3189,175.8985,177.2571,173.1691,166.3565,154.2736,138.8068,134.5818,127.9489,125.8887,127.2166,127.2508,126.6578,124.6598,129.6168,132.2775,134.1946,136.6366,137.8639,137.7415,139.2522,140.6892,139.9223,142.1011,143.7608,141.1612,138.7711,138.2158,132.9259,128.0279,120.997,115.4046,106.7188,96.4055,84.8252,77.2,78.5955,78.1287,76.1607,76.5969,80.6717,85.159,91.9431
97.0579,93.7799,86.879,82.2473,81.4821,80.7777,81.0874,96.5646,93.5997,96.7594,97.2441,86.5022,90.5108,103.6028,109.7033,118.1675,129.8557,136.7853,138.867,143.982,148.7193,153.8635,156.7885,157.9978,158.3226,156.8206,157.6156,155.8151,154.1735,153.1686,146.0876,141.4434,140.1296,135.1695,134.1454,135.0444,136.5886,134.4305,132.1883,129.1194,131.4873,135.9167,134.9045,134.73,134.416,140.1486,146.1001,150.1432,156.5467,165.1972,166.5663,167.7958,164.0854,158.0437,147.3986,133.8123,129.9758,123.9355,122.3685,123.8226,124.0193,123.734,122.2588,126.8316,129.4711,131.0067,132.951,133.9774,133.5288,134.6424,135.7528,135.1566,136.482,136.9195,135.293,132.6971,132.0734,127.0202,122.339,115.9102,110.4088,102.6201,93.0403,82.6086,75.8404,77.0505,76.6618,75.0034,75.5927,79.4033,83.3897,89.6958
99.0471,96.2964,90.096,85.5035,85.4912,85.4601,82.4818,91.5932,91.2873,96.3875,97.927,92.1782,94.8034,100.7808,107.1439,113.2369,123.0973,129.0536,131.1605,136.372,140.6036,145.4113,148.7613,150.6466,151.771,151.3433,152.3013,151.064,149.3608,147.7821,141.2099,137.1721,135.6608,131.7001,130.9757,132.2941,132.9201,130.7484,128.1153,124.0103,125.6702,129.0258,126.8603,125.2111,123.9835,127.0412,131.411,133.8942,139.1505,147.308,148.4045,149.8725,146.8211,142.342,134.2647,123.4902,120.1618,114.5905,114.5834,116.9345,118.2226,118.9227,119.1034,124.3567,128.3399,129.8262,131.6063,132.1851,131.4587,130.8586,131.4227,132.8175,133.3995,131.4758,131.0308,127.7753,126.5629,120.9221,116.0592,110.4725,104.7094,97.5968,88.6255,80.1321,76.1417,77.2236,76.0248,75.0278,76.5075,79.5811,82.9373,88.1502
101.0417,99.6637,94.5615,89.0309,89.7185,90.8486,81.5483,79.4981,85.8127,97.1808,101.3731,105.7534,106.2877,97.8781,105.1931,107.7604,115.3383,119.6891,121.3625,126.7363,129.6474,133.7373,137.5476,140.7282,143.2018,144.5748,146.9226,147.4108,146.3799,144.6009,139.1794,135.8932,133.7753,131.3097,130.9979,133.2133,132.6901,130.3369,126.5525,119.934,120.022,121.1771,116.7927,111.5311,108.0999,107.0647,109.0956,109.5044,113.8373,121.4278,122.2479,124.4331,122.1683,119.7463,115.7682,108.8659,106.0929,101.4282,104.2606,108.6069,112.3402,115.2325,118.9054,125.7199,132.439,134.0161,135.5719,135.1162,134.1485,130.8356,131.062,136.4186,135.6613,128.7766,130.887,126.0661,123.1999,116.1717,110.7836,105.9645,98.5861,90.8852,81.643,76.5912,77.8091,78.2344,74.4773,73.9385,76.6122,77.4661,79.5317,83.2751
103.8989,103.405,98.6957,91.3069,91.5929,94.0338,79.5241,66.0492,77.3116,92.917,98.9088,112.6752,111.787,93.2328,102.7275,102.9559,108.436,111.3086,112.9248,118.3749,120.0696,123.5679,127.762,132.0682,135.6463,138.7101,142.0527,143.8933,143.5965,141.6138,137.7231,135.7722,133.5864,133.0844,133.5644,136.8817,135.4112,133.2742,129.1333,121.0355,119.6861,118.8278,112.6806,104.6593,99.5849,94.3836,93.5794,91.4482,93.9618,100.2228,100.5988,103.1289,101.7581,101.6169,102.1306,99.8516,97.7491,94.4089,99.4126,105.1001,110.5479,114.9193,121.015,128.4593,137.0025,138.1337,138.9118,137.1265,135.8285,129.8797,129.1917,137.3644,135.0668,124.1847,128.1241,121.4624,117.1549,109.0263,103.2416,98.7991,90.0022,81.9345,72.0869,69.2738,74.8845,74.5825,69.215,69.6937,73.1588,72.863,74.4568,77.6136
106.7667,106.3829,101.5405,92.4216,91.44,94.6685,78.528,57.5263,69.381,84.3378,90.1453,108.3891,107.3385,87.6888,99.6693,99.2822,103.0474,104.7701,106.6332,111.7574,112.7147,115.8601,120.2832,124.934,128.9342,133.0116,136.1973,138.3019,138.3949,136.0369,133.5307,133.1726,131.6637,132.9248,134.3189,138.4905,136.6576,135.2206,131.9772,124.2241,122.2057,120.4697,113.9194,105.5188,100.2227,92.193,89.0021,84.7421,84.7883,89.2155,89.1101,91.3527,90.7515,92.4767,96.1525,98.0405,96.5417,94.3412,100.0636,105.5892,111.1246,115.5286,121.8169,128.3268,136.7686,136.946,136.517,133.9324,132.3234,125.0591,123.3088,131.898,128.4056,116.2985,120.4505,112.7037,108.0572,99.9471,94.2455,90.0879,81.2003,73.7678,63.7527,61.2838,68.4867,67.8687,63.0719,65.0021,68.5301,68.9239,71.0656,74.4295
109.4463,109.1709,104.5354,94.798,93.275,96.6707,81.0941,56.8532,69.7778,85.0573,90.9229,110.2534,109.2504,88.3485,101.1127,100.5196,103.3389,104.1597,105.5898,109.921,109.9737,112.2879,116.0773,120.2978,123.8481,127.7605,130.7003,132.8463,133.1458,130.6741,128.6552,128.8328,127.7546,129.693,131.7769,136.2142,134.875,133.8733,131.1551,123.8617,121.6151,119.4865,113.2005,104.8552,99.7262,90.9928,86.9699,81.9809,81.1661,84.5125,84.2047,86.1678,85.8376,88.0327,92.7475,96.0883,94.9342,93.3962,99.1108,104.4749,109.7794,114.1595,120.435,126.1994,134.1086,133.7814,132.7585,129.9649,128.0064,120.7286,118.5952,126.5958,122.2661,109.5214,114.4311,106.5564,102.0075,94.3416,88.9517,85.1616,76.4382,69.9236,60.5628,58.6964,66.0054,65.1687,60.7836,62.937,66.3535,66.7808,68.6093,71.8927
111.8913,111.8426,107.7059,97.9201,96.1829,99.2689,85.8749,61.1892,75.8541,92.535,98.7077,116.9473,116.2543,93.7477,106.254,105.8282,108.2701,108.2423,108.5885,111.662,110.4996,111.5243,113.9606,117.1432,119.5634,122.4492,125.2325,127.3873,127.9386,125.6708,123.6151,123.5885,122.786,124.6369,127.2899,131.6255,131.5523,130.8376,128.3956,121.5833,119.3512,117.1204,111.614,103.5216,98.7721,90.9117,87.1765,82.5412,82.0967,84.8223,84.5347,86.238,85.7785,87.3681,91.5791,94.4193,93.3864,92.2216,97.4281,102.6274,107.5118,111.8836,118.062,123.1384,130.1641,129.6166,128.3598,125.7757,123.4696,117.243,115.3459,122.0419,117.0492,103.9314,110.1004,102.7495,98.5531,91.6874,86.7961,83.3846,74.8837,69.2805,61.0069,59.9954,66.3417,65.2827,61.1159,62.5304,65.5977,65.4656,66.3176,69.3607
109.785,108.2587,103.4635,95.41,93.5962,95.9158,86.2114,68.6984,73.4386,79.0351,81.2679,91.5567,92.0635,85.6995,97.8221,98.7375,101.1402,102.1904,104.1964,107.8,108.895,111.628,115.5244,118.4102,121.0636,124.0718,124.3887,124.3381,123.4269,119.9885,117.3494,117.9067,118.0016,119.5032,121.6007,125.3652,124.5291,124.2776,123.6539,119.3277,118.5624,118.5717,114.5229,110.6038,108.0271,101.0754,97.7691,93.3001,90.9807,93.67,93.2587,94.1398,93.8355,95.7938,98.2542,101.3764,100.2787,98.0005,101.685,104.4445,107.0007,108.9896,111.6578,114.9329,119.7806,118.7563,117.2313,115.8936,113.8908,108.7219,106.3783,110.7335,107.1707,99.2373,101.3541,95.3889,93.1652,87.6575,83.2263,80.2487,74.7531,71.2555,63.9733,59.6982,62.4247,62.7569,62.5628,65.7458,68.4221,72.1079,75.3297,78.9094
106.0747,104.4977,99.8453,90.7786,86.2749,87.5482,81.1136,64.8541,60.8594,56.1613,54.1035,60.5038,63.5153,73.5308,88.4148,90.7591,91.8686,91.97,94.3002,97.025,98.4815,102.0921,107.3835,109.791,112.8907,117.0261,116.0483,115.0151,114.5435,110.7938,109.6828,112.1248,113.8258,115.9668,118.0078,122.1787,121.5956,122.7218,124.9716,122.6902,122.4478,124.174,121.8815,121.4759,120.4349,113.185,109.0928,104.6369,99.3972,100.3469,99.8308,99.8676,99.7472,102.661,104.4675,110.6475,109.2718,106.4557,109.4914,109.0648,109.5428,109.439,108.9132,108.7162,110.7238,108.2677,104.8587,104.9383,103.7233,100.5919,99.0747,101.7414,98.5929,94.4679,92.5851,87.5063,86.8883,83.675,80.0786,77.609,74.6054,71.4513,63.4225,56.4093,55.9373,57.2229,61.3999,66.9192,67.9712,75.358,81.3923,85.7825
110.1352,111.1257,108.3738,95.3295,87.1972,87.2951,86.3747,64.3673,70.7265,76.7481,77.0618,85.6031,91.0725,92.0226,109.1769,113.2586,114.0275,110.1949,107.2216,104.9462,100.3487,98.9808,99.3243,98.5116,98.0405,99.4233,100.8773,102.1498,105.2776,104.2996,105.0167,107.1049,109.6603,111.7456,115.7653,120.6036,125.6343,127.9942,130.9227,128.5093,127.0028,127.369,127.3503,125.249,123.7956,119.5727,116.3432,114.1112,111.4096,109.7559,109.6901,109.4618,108.263,108.3739,108.6605,113.18,111.4323,110.4116,112.6598,112.0695,112.4414,113.4479,114.0373,111.2468,110.7606,107.2879,102.152,102.4905,100.9349,102.3134,103.5605,103.4505,97.3669,89.4057,92.621,88.0493,87.0774,86.3375,84.1858,81.6323,76.7274,71.9201,63.6524,59.9054,57.4095,56.8289,59.7234,61.9159,60.3461,64.0221,66.8224,71.4613
116.433,118.0664,116.6475,104.654,97.4279,96.3777,102.3098,84.5481,99.383,114.691,117.8172,121.1475,127.0252,118.0783,131.846,136.9443,138.85,133.8075,127.127,121.5891,113.6138,108.2377,103.5858,99.4931,94.9564,91.8658,93.7545,95.3773,99.0767,99.4358,98.5059,97.9805,100.2563,100.4196,105.5208,109.3033,118.6249,120.8064,122.7794,120.8012,119.6045,119.6461,121.715,119.2016,118.436,119.51,119.4378,120.1298,121.8581,120.3789,120.8343,120.3779,117.9804,114.1569,110.5346,108.7476,106.8986,106.4438,106.65,106.8996,106.7092,108.4443,109.7344,106.8312,104.7132,101.8199,97.5616,98.4695,95.8584,100.8582,103.4313,99.4915,92.1275,82.5214,90.9457,88.2966,87.893,88.6424,87.5843,85.395,79.9165,76.6782,71.5982,70.9306,65.3248,63.7772,65.0269,62.7647,60.4675,60.3933,58.8224,62.6473
121.4084,122.6392,122.4892,116.8133,117.3916,117.5814,117.0826,99.4542,121.83,145.2134,153.0527,159.3086,159.4171,127.6705,133.8911,132.8302,133.8471,130.264,124.5962,121.4123,115.053,109.7258,105.3192,102.6598,99.0622,95.7019,97.033,98.5276,99.0549,97.3855,92.8517,89.5928,89.1569,88.1466,92.3052,94.6672,100.9595,100.7069,98.3855,93.2363,92.1054,90.6596,89.5325,83.5581,81.123,80.6346,81.3823,81.0802,85.2464,87.4087,87.8033,88.5751,86.7973,83.5246,81.1308,76.8584,75.9261,74.6274,77.0689,81.6754,84.4477,89.0002,94.9448,97.9952,101.0122,100.8291,100.2577,100.6066,96.7796,97.4923,98.3548,98.5802,91.8659,78.1936,90.8129,88.4801,87.1292,84.7437,82.5417,82.2157,76.3024,76.4634,76.0232,80.4996,80.2821,79.1153,75.8536,71.8913,73.8251,69.8425,64.2354,64.0832
130.1575,133.001,132.7796,122.0422,121.449,124.9563,113.7613,71.7245,108.9502,146.6872,160.2021,187.3895,184.3644,126.1627,137.0352,132.3777,130.595,124.4757,118.2721,115.1961,105.5732,98.1781,93.0155,92.4261,90.0997,89.0022,93.3091,98.1604,100.6384,99.3552,97.7133,96.5464,95.6494,98.6422,105.0256,109.7306,114.9561,114.8494,110.9426,102.5942,98.1885,91.6615,86.6569,73.5257,67.2903,59.1211,54.3331,48.8649,50.7475,50.2364,49.7273,51.3339,51.1022,51.5258,58.6638,62.0977,62.6342,65.0317,71.327,79.8776,86.6262,94.7999,106.5194,111.6694,118.8258,117.9252,116.1106,112.4955,107.4975,102.3646,100.7052,106.0726,95.495,72.0503,90.5007,83.4829,78.2515,72.7207,69.4292,68.7379,58.0577,56.6311,54.4065,63.8077,73.216,69.5728,61.0384,57.785,61.3674,53.4563,45.8604,45.3788
133.786,136.9004,135.8459,119.5611,112.8549,115.9358,111.301,64.4283,101.2592,137.4712,149.0552,175.5118,176.4161,128.2406,144.9822,144.9459,143.0854,134.6662,126.4751,120.0521,107.1516,97.4346,89.6195,86.7165,81.8996,79.4102,83.9584,89.0912,94.1665,94.5151,95.6407,96.5282,98.034,102.6419,111.2577,117.1843,126.2536,128.3562,127.7654,122.5326,117.7156,111.1621,109.0209,97.8319,93.0802,86.0417,79.9267,74.3057,74.3189,69.604,68.8488,69.1144,68.6357,68.4558,76.0135,81.7506,82.3137,86.9039,90.9373,96.8612,101.1868,107.6389,116.4452,116.6359,119.2559,115.8462,110.8787,106.8099,101.6159,99.6576,98.2411,98.7148,85.8523,63.4393,81.8907,74.3739,69.7242,66.8903,64.9427,63.1469,52.2691,50.2061,46.3456,53.687,59.2491,54.4548,48.7111,45.7628,46.251,39.9817,33.5638,35.965
130.0914,132.8944,132.1009,115.5102,104.8558,104.2383,115.5956,85.9135,113.8563,141.2479,147.777,155.5763,162.5921,139.8835,156.6232,163.4315,164.1553,155.176,144.0603,133.5023,119.082,107.704,96.7359,89.1886,80.0995,73.3605,76.408,79.6247,85.9223,88.0968,88.84,88.7256,92.3507,94.1697,102.9503,107.6928,122.4329,126.1421,129.0784,128.5387,125.9447,123.3539,127.3586,122.9857,122.3838,124.4727,123.099,123.0678,125.3723,119.6183,119.7359,118.3552,115.8277,110.5826,109.0114,108.0095,107.1132,110.4583,109.202,110.0912,109.3602,112.0263,114.4092,108.8495,104.0467,99.462,93.172,92.4259,87.9557,95.0227,97.0939,88.7139,76.7574,62.121,77.6703,74.2893,73.2933,75.8247,76.2298,73.9674,66.3427,64.6704,61.4331,64.496,58.1993,54.11,54.0277,49.0018,45.1253,41.6429,36.1976,40.7627
129.6179,132.1275,131.7774,117.47,108.529,107.3318,120.2338,95.7175,122.561,149.042,155.4176,159.1151,165.7704,143.6267,157.814,164.2123,165.2934,156.8962,145.7424,135.2751,121.5071,110.2284,99.1121,91.136,81.6758,74.1436,76.4945,79.0378,84.426,86.2312,85.6559,84.4674,87.7007,88.3663,96.6024,100.5416,115.2814,118.541,121.0021,120.559,118.6557,116.8227,121.2206,117.6849,117.609,121.3152,121.4203,122.4789,125.9502,121.3646,121.695,120.3427,117.5385,111.3951,107.8203,104.4629,103.4265,105.8829,104.1504,105.0339,103.9802,106.4755,108.581,103.5936,98.7236,94.7938,89.4442,89.5191,85.0053,92.8152,95.2573,86.3349,75.1721,61.6569,77.146,74.9743,74.6812,77.4759,78.0129,76.2798,69.5883,69.0232,67.2819,70.5782,63.0531,59.4964,59.6317,53.8656,50.3471,46.6992,40.596,44.3687
132.1381,134.1313,133.6397,120.7845,113.851,113.4133,124.023,98.2894,126.698,154.595,162.1157,167.319,172.1839,144.3954,157.0255,161.8351,162.5546,154.7841,144.4938,135.0284,122.0286,111.0155,100.1821,92.8624,83.8317,76.4344,78.3318,80.6232,84.8882,85.8556,84.4012,82.8524,85.484,86.3149,94.5081,98.2058,111.6841,114.3511,115.8136,114.8533,112.955,110.555,113.8583,109.4711,109.0413,111.5433,111.2064,111.1851,114.5475,110.6388,110.7544,109.6134,107.249,101.8359,99.5719,96.4802,95.9386,98.4951,97.3285,99.4306,99.0864,102.1686,105.351,101.9588,98.5426,95.1602,90.6804,90.1531,85.126,90.9789,92.1626,84.2998,73.1644,58.6306,75.0468,72.5221,71.8818,73.5338,73.6452,72.2888,65.4702,66.2428,65.7752,70.0782,64.4452,60.9513,60.0457,54.3482,52.2135,48.0042,41.1865,44.1711
134.611,135.8982,134.9524,123.4988,118.7621,119.439,126.4767,98.7143,128.5398,157.7354,166.5259,174.3774,177.0656,143.1251,154.3684,157.3587,157.7447,150.9451,142.0754,134.2026,122.4342,112.1342,102.0606,95.9007,87.7593,80.9226,82.3828,84.4251,87.3697,87.31,84.9924,83.2456,85.1499,86.3941,94.4656,98.0208,109.5962,111.5393,111.8167,110.1501,108.1736,105.024,106.7373,101.1831,100.1797,100.744,99.5544,97.9319,100.8409,97.7386,97.5457,96.7094,94.9611,90.7461,90.5245,88.2514,88.3028,91.0241,90.7011,94.2979,94.9329,98.7007,103.1784,101.8014,100.3669,97.5939,94.0848,92.6155,87.0639,90.1142,89.5891,83.3867,72.3658,56.6294,73.753,70.4481,69.1932,69.1848,68.6136,67.4838,60.3174,62.3028,62.8226,67.9573,65.0212,61.588,59.3759,54.1163,53.6958,49.0699,41.8269,44.1126
137.4472,138.1595,136.5676,125.8135,123.2719,125.8299,126.1106,91.8403,124.2357,155.7182,166.382,181.197,180.9028,137.4366,148.2792,148.4514,147.8605,141.9309,135.0954,129.5267,119.159,109.9771,101.4521,97.4289,91.1471,86.0097,87.4228,89.6867,91.3879,90.0541,87.4544,86.1619,87.1836,89.7328,97.7769,101.677,110.2898,111.4452,110.2526,107.1384,104.5192,99.8249,98.8262,90.8909,88.5104,84.9601,81.5598,77.0023,78.4638,75.9094,75.1815,74.8869,74.2214,72.4784,76.4961,77.2013,78.117,81.4253,83.0121,88.7691,91.2483,96.2708,103.0362,104.3032,106.0274,103.7825,101.0689,97.9201,91.8104,90.3297,87.421,84.5677,73.3332,54.9826,72.9733,67.8305,65.2018,62.6295,60.953,59.9924,51.7956,54.5609,55.3884,61.7935,63.8439,60.272,55.9975,51.9832,53.8412,48.6605,41.2829,42.7941
138.9102,139.2942,137.0709,125.5844,122.9002,126.3288,124.2998,86.2719,119.1079,150.7185,161.7003,179.7142,178.7514,133.6349,145.5274,145.3046,144.3356,138.604,132.655,127.8336,117.8354,109.0797,101.1198,97.8897,92.2648,87.8992,89.302,91.6576,93.1834,91.489,89.302,88.7067,89.7535,93.2648,101.5985,105.9177,113.5671,114.7365,113.4985,110.2896,107.3223,101.9735,100.1144,91.4978,88.7364,83.2723,78.4911,72.4162,72.6662,69.6709,68.6276,68.3565,68.1935,67.6617,73.862,76.5739,77.8788,81.7955,83.9031,90.1316,93.0297,98.231,105.4137,107.055,109.5162,107.0544,104.1335,100.0665,93.7386,90.5074,86.4261,84.4137,72.8152,53.6719,71.6572,65.4433,62.2466,58.836,56.7945,55.6022,46.9008,49.7536,50.1619,56.4429,60.2186,56.4375,51.8031,48.6724,51.0661,46.2021,39.3055,41.1163
138.8739,138.2556,134.8924,122.9559,119.2566,122.6763,122.6875,87.39,116.2098,143.5348,152.8742,167.7516,167.7553,130.9389,143.7195,145.3887,145.199,140.3029,135.2733,130.7631,121.6731,113.6412,105.9256,102.522,96.6601,92.0245,92.5639,93.993,95.1671,93.3197,91.1281,90.9827,92.6314,96.2799,104.727,109.0094,116.6571,118.1617,117.9174,116.3024,113.9156,109.3568,108.2538,101.4152,99.7228,94.8654,90.0462,83.8042,83.1755,79.7669,78.5865,77.8135,77.6574,77.104,82.8969,85.6085,86.9169,90.9029,91.7683,96.909,98.5485,102.4541,107.6894,108.2654,109.415,106.4784,103.1884,99.0193,92.704,89.7876,84.9932,81.1941,69.947,53.1987,69.4334,63.2208,60.6095,57.5725,55.6431,53.8452,45.8115,49.0556,49.1142,53.1007,55.0664,51.5013,48.4683,46.0673,47.9827,44.9932,39.508,42.5587
137.6884,135.3769,130.4167,118.5579,113.2885,115.8721,122.0868,96.0011,116.8054,135.9185,141.899,147.4034,149.7732,130.1022,143.2803,148.9022,150.6318,147.2548,143.177,138.5981,130.9702,123.9026,116.0439,111.5184,104.5049,98.4839,97.292,96.7783,97.3046,95.4477,92.6724,92.5925,95.309,98.2139,106.5887,110.3141,118.8551,120.9169,122.5182,124.0697,123.1925,120.7873,121.9473,119.186,119.951,118.2083,114.7482,109.6632,108.6341,104.9753,103.8349,102.0786,101.4488,99.6215,102.4509,102.9906,103.9613,107.4719,105.3922,108.0846,106.9032,108.1649,109.2912,107.6044,105.5842,102.026,98.3612,94.8674,88.7223,88.0357,82.91,74.8084,64.6221,53.2503,66.2461,61.124,60.2091,58.637,57.261,54.5525,48.3156,52.4172,52.4213,52.1904,49.0088,46.0758,46.3884,44.4385,45.0283,45.2602,41.8948,46.9681
137.0784,133.1721,127.0677,116.0632,109.9695,111.6885,123.7651,106.4291,119.5192,130.4288,133.2054,129.4408,133.6794,129.3984,142.2705,150.9132,153.936,151.8272,148.6369,143.9271,137.7396,131.4965,123.5628,117.9127,109.8453,102.5251,99.3398,96.8023,96.3704,94.1616,90.5856,90.4832,94.1506,96.2913,104.5498,107.5968,116.7973,119.3358,122.6237,127.1302,127.7759,127.473,130.7516,132.009,135.1851,136.2037,134.0336,129.9459,128.4023,124.6028,123.4739,120.7727,119.8117,116.9633,116.9912,115.6537,116.42,119.3147,114.621,115.0325,111.1861,110.0042,107.3712,103.6643,98.7456,94.6984,90.83,88.2178,82.1351,83.4827,78.0077,65.9618,56.8176,50.5093,60.5831,56.8181,57.7343,57.6683,56.9003,53.8267,49.7544,55.4408,56.1915,52.4671,44.4987,42.368,46.026,44.5609,44.1793,47.4371,45.7869,52.2238
135.8367,130.3016,123.1905,114.1579,108.704,109.8876,125.3941,116.659,122.5693,126.0352,126.2821,114.6509,119.5815,127.1911,138.6214,148.9109,153.0739,152.7491,151.0744,147.2138,143.2668,138.4781,131.274,125.3058,117.0153,109.0088,103.8848,99.3925,97.4042,94.3914,89.5062,89.0604,93.0599,94.3047,101.9645,104.1763,112.8494,115.3173,119.408,125.9265,128.0306,129.5908,133.9932,138.4435,143.4522,146.3669,145.4234,141.9873,140.1175,137.0968,135.9715,132.7081,131.6049,128.22,125.9757,122.791,123.4336,125.3344,118.8491,117.8171,112.1281,109.0844,103.682,99.3235,92.9169,88.9569,85.594,83.7421,77.7376,79.8712,73.7771,59.3965,51.7207,49.7948,57.0566,54.4629,56.8496,57.386,56.7898,53.5929,51.5181,58.8445,60.5702,53.9962,42.8071,41.678,47.7734,46.9152,46.465,52.2828,52.1085,59.2032
134.2174,126.9428,119.1849,113.9278,110.9371,111.5631,129.5083,131.3171,130.2719,126.735,124.9692,104.7568,109.3494,126.0859,134.0997,144.811,150.0954,152.0837,152.2508,149.8769,148.8984,145.9243,139.837,133.8699,125.7052,117.0305,109.714,103.0534,98.7059,94.416,87.2774,85.7637,89.4817,89.2385,95.7714,96.6823,104.0688,105.8882,109.9234,117.8076,121.6017,125.1314,130.1393,137.5004,144.1473,149.0646,149.9483,147.3941,145.8862,144.7674,143.7316,140.1871,138.956,134.9593,129.9638,123.9112,124.4489,124.7437,116.8527,115.0157,107.9482,103.4348,95.9224,92.1353,85.2081,82.0305,80.0865,79.2647,73.2886,75.6766,68.9435,53.1026,47.4668,49.7882,54.4753,53.472,57.3765,58.0181,57.3704,54.5047,54.6998,64.2719,67.9031,59.2014,45.3939,45.6088,53.5348,52.969,53.2578,61.115,61.8226,68.6628
132.7588,124.041,115.8105,114.6094,115.3551,116.327,131.9338,139.7288,134.2399,126.3026,123.9762,100.5226,103.0266,121.3686,125.7608,134.6884,140.2997,144.6854,147.4029,147.6934,150.1196,149.4959,145.5844,140.9992,134.3297,126.3426,117.4017,109.2335,102.2488,96.2075,86.917,84.5195,87.2483,86.1446,91.3163,91.2264,95.6658,96.3159,99.1792,106.8029,111.6296,116.067,119.8768,128.1,135.0658,139.4587,141.003,137.9938,136.4007,137.6876,136.5709,133.3188,132.4782,129.2401,123.8214,116.6597,117.3987,116.2188,108.6341,107.44,100.5853,95.806,88.1871,86.725,81.5479,79.601,79.528,79.0047,72.989,73.2217,65.2053,50.7807,47.0732,51.3549,54.2203,53.7723,58.1524,57.4049,56.0245,53.7321,55.3034,66.7616,72.0308,62.6023,49.6159,51.0555,59.1069,59.3561,61.6138,70.562,71.8176,77.5736
133.6921,123.8605,115.2349,118.0244,123.9388,126.5442,134.5811,141.896,137.291,130.4972,130.1927,110.4323,108.6301,116.6193,117.1219,121.9094,127.125,133.8587,139.5418,143.5105,149.204,150.8367,149.4195,147.4971,143.2945,136.9271,127.2421,118.5425,108.7482,100.6293,89.2176,85.9338,86.8074,85.6712,89.6497,88.9375,89.0503,87.9027,88.0439,93.5558,98.49,102.1181,102.6468,108.7885,114.4475,115.6198,116.4468,111.3068,109.5461,113.5902,112.1512,109.8278,109.9406,108.7345,105.8983,99.2355,100.6934,98.7243,93.2054,94.813,90.1403,86.7754,81.7776,84.8406,84.0641,83.8617,86.2376,84.7091,78.2247,73.4048,63.0354,52.9098,50.4646,53.1672,56.3311,54.9955,58.3783,54.3509,51.4782,49.8596,51.1938,64.312,71.2089,63.2468,55.3084,57.416,62.931,63.9971,69.7023,77.8875,78.5817,82.4067
133.4585,123.4646,115.1963,120.9782,130.9755,134.6632,136.0685,141.8565,139.5976,135.5732,137.419,121.9879,116.7472,113.6782,111.0828,111.9652,116.5444,124.5255,131.8508,138.3435,145.9685,148.9987,149.4495,149.6162,147.4689,142.5889,132.9525,124.4353,112.9381,103.4948,90.6799,86.5671,85.7916,84.5054,87.4363,86.3327,83.3007,80.6988,78.4061,81.4519,86.1385,88.8641,86.6383,90.3667,94.4601,93.0282,93.4214,86.9954,85.599,91.9053,90.3546,89.0094,89.7508,89.9977,89.0717,82.7768,84.6396,81.9348,78.6378,82.7162,80.3054,78.6202,76.4869,83.3021,86.3829,87.683,91.959,89.8755,83.2024,74.7252,63.2782,57.3665,55.7696,56.2028,60.2068,58.2463,60.5922,54.0508,50.027,49.1576,49.9618,63.6979,71.617,65.758,62.3444,64.8653,67.7734,69.1159,77.4285,84.1625,83.9046,85.7375
133.0404,123.3782,115.6178,122.9455,135.4449,139.8298,136.3575,139.9461,140.8187,140.4322,144.2515,133.0278,125.5167,112.7991,108.3804,106.4833,110.5913,119.0351,126.9725,134.8822,143.2497,146.8687,148.3326,149.8737,149.0656,145.2232,136.1676,128.2549,116.0777,106.0781,92.5862,87.8648,85.8896,84.5154,86.7987,85.5722,80.7355,77.1602,73.0406,73.9539,78.1858,79.9973,75.8037,77.2501,79.9009,76.693,76.7994,69.6943,68.9086,76.6691,75.1173,74.5764,75.643,76.7124,77.1491,71.0663,73.1133,70.0313,68.5238,74.5103,73.9884,73.8247,74.1627,83.5933,89.4883,91.8212,97.2884,94.7867,88.0538,77.274,65.4992,62.8291,61.5642,59.6307,64.7765,62.2555,63.6105,55.3458,50.5402,50.1233,50.091,63.6187,71.8583,67.9638,68.0099,70.5834,71.1796,72.3879,82.3133,87.4224,86.1774,86.5818
132.1219,123.0763,115.7889,123.1125,136.2406,140.9788,134.3776,134.9048,137.9439,139.9649,144.8468,137.4492,129.0133,110.7959,106.3344,102.8968,106.4381,114.6109,122.5603,130.9568,139.2441,143.0343,145.1344,147.4947,147.5942,144.7151,136.415,129.2557,117.2804,107.2464,94.0185,89.3421,86.8586,85.7372,87.7634,86.7809,81.1434,77.2549,72.3566,71.8475,75.5118,76.6182,71.3098,71.1633,72.7333,68.0958,67.6578,60.1045,59.3767,67.5111,65.9684,65.9151,67.1721,68.9062,70.5003,65.3675,67.4377,64.3069,64.1279,71.0311,71.7297,72.5539,74.4484,84.953,92.3538,95.0141,100.6982,97.9584,91.3654,79.4738,67.8841,67.3848,66.0393,62.3017,68.0689,64.9984,65.6061,56.5431,51.3502,51.1405,50.3817,63.1067,70.8576,68.1875,70.4526,72.9084,72.2094,73.5297,84.0228,88.1529,86.5335,86.2528
131.2921,122.8252,115.8843,122.5329,135.3197,140.1932,131.9487,129.6219,133.8006,136.9691,142.2192,137.6089,129.0406,108.5298,104.8482,100.7392,103.736,111.3583,119.0855,127.4475,135.3254,139.0719,141.5204,144.2718,144.8944,142.7504,135.0555,128.511,117.0514,107.178,94.5824,90.2736,87.7282,86.9944,89.0127,88.3883,82.5448,78.7261,73.7301,72.4792,75.6618,76.3206,70.5317,69.5079,70.4301,64.7679,63.7357,55.872,54.8491,62.751,61.2022,61.3658,62.74,64.9812,67.4478,63.4939,65.5348,62.5251,63.1714,70.3169,71.6353,72.9596,75.6187,86.2355,94.1984,96.7742,102.1707,99.324,92.9135,80.6536,69.3853,70.0712,68.4676,63.616,69.6,66.1086,66.2708,57.0163,51.7079,51.582,50.3638,62.2932,69.3588,67.2956,70.7308,73.0368,71.8554,73.4334,83.9186,87.6432,86.0346,85.5441
